,ACCOUNT_ID,TIMESTAMP
0,83,2022-03-15
13,24,2022-03-15
18,31,2022-03-15
41,156,2022-03-15
47,15,2022-03-15
56,1447,2022-03-15
58,538,2022-03-15
61,351,2022-03-15
66,184,2022-03-15
86,624,2022-03-15
94,103,2022-03-15
100,1206,2022-03-15
109,828,2022-03-15
111,80,2022-03-15
122,44,2022-03-15
168,637,2022-03-15
170,34,2022-03-15
171,77,2022-03-15
175,273,2022-03-15
228,108,2022-03-15
240,1208,2022-03-15
242,42,2022-03-15
247,246,2022-03-15
251,54,2022-03-15
253,160,2022-03-15
260,242,2022-03-15
283,394,2022-03-15
285,528,2022-03-15
293,968,2022-03-15
296,217,2022-03-15
304,1048,2022-03-15
320,68,2022-03-15
340,1045,2022-03-15
346,75,2022-03-15
399,940,2022-03-15
400,56,2022-03-15
405,551,2022-03-15
423,53,2022-03-15
424,575,2022-03-15
438,1355,2022-03-16
450,125,2022-03-16
458,1499,2022-03-16
463,993,2022-03-16
468,12,2022-03-16
482,1506,2022-03-16
485,828,2022-03-16
493,856,2022-03-16
499,629,2022-03-16
501,80,2022-03-16
510,184,2022-03-16
518,700,2022-03-16
521,93,2022-03-16
526,384,2022-03-16
530,5,2022-03-16
543,1378,2022-03-16
548,1516,2022-03-16
554,17,2022-03-16
558,624,2022-03-16
559,581,2022-03-16
560,34,2022-03-16
572,956,2022-03-16
584,7,2022-03-16
609,823,2022-03-16
620,198,2022-03-16
625,42,2022-03-16
636,108,2022-03-16
643,101,2022-03-16
660,168,2022-03-16
680,121,2022-03-16
686,253,2022-03-16
688,1322,2022-03-16
697,710,2022-03-16
701,31,2022-03-16
717,458,2022-03-16
729,53,2022-03-16
756,68,2022-03-16
764,44,2022-03-16
903,629,2022-03-17
910,388,2022-03-17
911,11,2022-03-17
918,1272,2022-03-17
923,168,2022-03-17
929,10,2022-03-17
931,593,2022-03-17
932,12,2022-03-17
945,1454,2022-03-17
965,7,2022-03-17
975,125,2022-03-17
980,209,2022-03-17
983,80,2022-03-17
998,1409,2022-03-17
1013,248,2022-03-17
1023,212,2022-03-17
1064,108,2022-03-17
1065,184,2022-03-17
1066,162,2022-03-17
1070,221,2022-03-17
1085,528,2022-03-17
1087,823,2022-03-17
1114,914,2022-03-17
1115,780,2022-03-17
1120,216,2022-03-17
1126,307,2022-03-17
1142,20,2022-03-17
1149,34,2022-03-17
1157,1281,2022-03-17
1160,198,2022-03-17
1171,115,2022-03-17
1173,106,2022-03-17
1177,234,2022-03-17
1179,231,2022-03-17
1196,127,2022-03-17
1204,54,2022-03-17
1217,50,2022-03-17
1236,420,2022-03-17
1247,75,2022-03-17
1266,496,2022-03-17
1280,223,2022-03-17
1345,269,2022-03-17
1349,1033,2022-03-17
1352,24,2022-03-18
1354,12,2022-03-18
1360,7,2022-03-18
1361,125,2022-03-18
1391,248,2022-03-18
1396,68,2022-03-18
1410,960,2022-03-18
1415,93,2022-03-18
1426,796,2022-03-18
1430,53,2022-03-18
1439,342,2022-03-18
1444,20,2022-03-18
1475,397,2022-03-18
1498,528,2022-03-18
1519,88,2022-03-18
1523,167,2022-03-18
1538,83,2022-03-18
1547,50,2022-03-18
1558,108,2022-03-18
1569,42,2022-03-18
1594,57,2022-03-18
1596,269,2022-03-18
1631,275,2022-03-19
1638,908,2022-03-19
1660,843,2022-03-19
1671,741,2022-03-19
1676,580,2022-03-20
1678,1195,2022-03-20
1679,732,2022-03-20
1686,273,2022-03-20
1732,168,2022-03-20
1781,1182,2022-03-20
1794,607,2022-03-21
1795,7,2022-03-21
1796,53,2022-03-21
1801,11,2022-03-21
1816,652,2022-03-21
1818,184,2022-03-21
1823,192,2022-03-21
1829,665,2022-03-21
1831,80,2022-03-21
1837,483,2022-03-21
1841,562,2022-03-21
1842,15,2022-03-21
1859,44,2022-03-21
1861,568,2022-03-21
1870,195,2022-03-21
1876,93,2022-03-21
1892,474,2022-03-21
1895,624,2022-03-21
1934,388,2022-03-21
1939,34,2022-03-21
1950,130,2022-03-21
1966,2,2022-03-21
1972,121,2022-03-21
2012,1403,2022-03-21
2013,25,2022-03-21
2024,51,2022-03-21
2029,127,2022-03-21
2032,1404,2022-03-21
2045,115,2022-03-21
2052,502,2022-03-21
2062,106,2022-03-21
2082,1256,2022-03-21
2090,65,2022-03-21
2118,854,2022-03-21
2122,42,2022-03-21
2134,458,2022-03-21
2138,753,2022-03-21
2162,108,2022-03-21
2188,743,2022-03-22
2202,1150,2022-03-22
2203,24,2022-03-22
2206,614,2022-03-22
2208,480,2022-03-22
2217,200,2022-03-22
2219,829,2022-03-22
2221,51,2022-03-22
2222,872,2022-03-22
2223,110,2022-03-22
2227,609,2022-03-22
2231,605,2022-03-22
2244,80,2022-03-22
2249,89,2022-03-22
2258,5,2022-03-22
2267,85,2022-03-22
2288,388,2022-03-22
2290,194,2022-03-22
2298,1255,2022-03-22
2299,780,2022-03-22
2341,79,2022-03-22
2352,198,2022-03-22
2353,736,2022-03-22
2360,285,2022-03-22
2363,184,2022-03-22
2368,101,2022-03-22
2375,34,2022-03-22
2380,77,2022-03-22
2394,42,2022-03-22
2401,2,2022-03-22
2409,817,2022-03-22
2412,209,2022-03-22
2421,1113,2022-03-22
2427,57,2022-03-22
2455,1470,2022-03-22
2456,1135,2022-03-22
2471,618,2022-03-22
2474,15,2022-03-22
2477,25,2022-03-22
2499,253,2022-03-22
2505,108,2022-03-22
2524,144,2022-03-22
2542,68,2022-03-22
2569,423,2022-03-22
2588,76,2022-03-22
2602,766,2022-03-22
2615,215,2022-03-22
2627,109,2022-03-22
2638,20,2022-03-22
2649,31,2022-03-22
2680,127,2022-03-22
2697,121,2022-03-22
2719,206,2022-03-22
2725,50,2022-03-22
2741,65,2022-03-22
2749,124,2022-03-22
2766,1049,2022-03-22
2775,181,2022-03-23
2916,388,2022-03-23
2924,895,2022-03-23
2927,780,2022-03-23
2928,1415,2022-03-23
2941,483,2022-03-23
2952,567,2022-03-23
2958,1182,2022-03-23
2961,171,2022-03-23
2975,125,2022-03-23
2980,85,2022-03-23
3016,184,2022-03-23
3023,121,2022-03-23
3025,126,2022-03-23
3028,54,2022-03-23
3030,46,2022-03-23
3052,12,2022-03-23
3053,482,2022-03-23
3061,397,2022-03-23
3062,773,2022-03-23
3071,51,2022-03-23
3117,868,2022-03-23
3125,42,2022-03-23
3126,115,2022-03-23
3157,77,2022-03-23
3162,393,2022-03-23
3174,716,2022-03-23
3179,1437,2022-03-23
3189,162,2022-03-23
3190,893,2022-03-23
3193,1438,2022-03-23
3209,1387,2022-03-23
3229,5,2022-03-23
3231,20,2022-03-23
3242,76,2022-03-23
3243,652,2022-03-23
3247,178,2022-03-23
3255,108,2022-03-23
3270,65,2022-03-23
3285,223,2022-03-23
3301,653,2022-03-23
3312,242,2022-03-23
3317,140,2022-03-23
3325,1112,2022-03-23
3347,902,2022-03-24
3348,24,2022-03-24
3356,1293,2022-03-24
3360,509,2022-03-24
3384,12,2022-03-24
3397,168,2022-03-24
3403,792,2022-03-24
3407,990,2022-03-24
3414,110,2022-03-24
3417,121,2022-03-24
3423,21,2022-03-24
3432,581,2022-03-24
3434,1211,2022-03-24
3451,1456,2022-03-24
3455,184,2022-03-24
3457,483,2022-03-24
3462,537,2022-03-24
3464,209,2022-03-24
3474,171,2022-03-24
3481,281,2022-03-24
3498,5,2022-03-24
3522,1443,2022-03-24
3535,93,2022-03-24
3555,144,2022-03-24
3563,22,2022-03-24
3572,231,2022-03-24
3598,712,2022-03-24
3628,42,2022-03-24
3645,838,2022-03-24
3648,106,2022-03-24
3653,178,2022-03-24
3667,200,2022-03-24
3669,102,2022-03-24
3670,120,2022-03-24
3693,637,2022-03-24
3703,50,2022-03-24
3713,124,2022-03-24
3717,1196,2022-03-24
3730,118,2022-03-24
3752,66,2022-03-24
3762,56,2022-03-24
3773,431,2022-03-24
3777,57,2022-03-24
3796,552,2022-03-24
3800,68,2022-03-24
3810,1267,2022-03-25
3820,525,2022-03-25
3822,281,2022-03-25
3831,31,2022-03-25
3835,24,2022-03-25
3847,168,2022-03-25
3849,80,2022-03-25
3854,614,2022-03-25
3855,1426,2022-03-25
3861,624,2022-03-25
3868,6,2022-03-25
3879,123,2022-03-25
3883,7,2022-03-25
3886,136,2022-03-25
3892,1071,2022-03-25
3900,85,2022-03-25
3902,1043,2022-03-25
3904,195,2022-03-25
3913,352,2022-03-25
3916,1360,2022-03-25
3917,431,2022-03-25
3920,501,2022-03-25
3925,1464,2022-03-25
3928,748,2022-03-25
3943,121,2022-03-25
3945,34,2022-03-25
3947,588,2022-03-25
3984,53,2022-03-25
3990,25,2022-03-25
3991,298,2022-03-25
4016,909,2022-03-25
4020,5,2022-03-25
4056,599,2022-03-25
4068,165,2022-03-25
4081,162,2022-03-25
4097,54,2022-03-25
4099,1389,2022-03-25
4123,1441,2022-03-25
4135,57,2022-03-25
4136,198,2022-03-25
4148,189,2022-03-25
4149,106,2022-03-25
4157,101,2022-03-25
4168,65,2022-03-25
4170,108,2022-03-25
4188,77,2022-03-25
4241,22,2022-03-26
4257,691,2022-03-26
4272,1002,2022-03-26
4283,1494,2022-03-26
4304,174,2022-03-26
4311,51,2022-03-26
4316,174,2022-03-27
4332,50,2022-03-27
4335,6,2022-03-27
4336,60,2022-03-27
4338,994,2022-03-27
4340,728,2022-03-27
4342,1138,2022-03-27
4344,258,2022-03-27
4384,122,2022-03-27
4391,395,2022-03-27
4430,425,2022-03-27
4439,10,2022-03-27
4440,643,2022-03-27
4451,460,2022-03-27
4469,575,2022-03-28
4477,123,2022-03-28
4512,44,2022-03-28
4520,681,2022-03-28
4528,301,2022-03-28
4531,438,2022-03-28
4552,1429,2022-03-28
4553,1335,2022-03-28
4554,168,2022-03-28
4559,1064,2022-03-28
4577,614,2022-03-28
4580,252,2022-03-28
4585,54,2022-03-28
4595,211,2022-03-28
4603,156,2022-03-28
4607,101,2022-03-28
4611,85,2022-03-28
4613,637,2022-03-28
4616,12,2022-03-28
4624,177,2022-03-28
4625,2,2022-03-28
4649,184,2022-03-28
4653,144,2022-03-28
4667,108,2022-03-28
4672,745,2022-03-28
4673,654,2022-03-28
4674,106,2022-03-28
4681,474,2022-03-28
4683,194,2022-03-28
4688,588,2022-03-28
4691,561,2022-03-28
4709,1221,2022-03-28
4711,60,2022-03-28
4761,55,2022-03-28
4782,1060,2022-03-28
4806,25,2022-03-28
4814,42,2022-03-28
4818,311,2022-03-28
4822,855,2022-03-28
4854,545,2022-03-28
4862,124,2022-03-28
4873,79,2022-03-28
4874,189,2022-03-28
4892,57,2022-03-28
4894,364,2022-03-28
4900,541,2022-03-28
4902,205,2022-03-29
4904,2,2022-03-29
4909,438,2022-03-29
4912,1020,2022-03-29
4914,665,2022-03-29
4924,735,2022-03-29
4926,645,2022-03-29
4931,802,2022-03-29
4935,1224,2022-03-29
4940,575,2022-03-29
4943,52,2022-03-29
4947,112,2022-03-29
4963,5,2022-03-29
4967,342,2022-03-29
4985,34,2022-03-29
4991,637,2022-03-29
4992,605,2022-03-29
4997,115,2022-03-29
5000,482,2022-03-29
5005,368,2022-03-29
5013,85,2022-03-29
5022,68,2022-03-29
5027,44,2022-03-29
5036,89,2022-03-29
5043,42,2022-03-29
5044,121,2022-03-29
5048,632,2022-03-29
5090,1156,2022-03-29
5102,130,2022-03-29
5112,420,2022-03-29
5142,63,2022-03-29
5148,350,2022-03-29
5155,215,2022-03-29
5170,652,2022-03-29
5185,81,2022-03-29
5200,65,2022-03-29
5204,826,2022-03-29
5232,1413,2022-03-29
5244,53,2022-03-29
5254,339,2022-03-29
5256,458,2022-03-29
5259,735,2022-03-30
5262,1325,2022-03-30
5264,76,2022-03-30
5285,1338,2022-03-30
5286,614,2022-03-30
5290,171,2022-03-30
5292,166,2022-03-30
5333,80,2022-03-30
5338,1041,2022-03-30
5351,125,2022-03-30
5358,1002,2022-03-30
5359,1452,2022-03-30
5360,34,2022-03-30
5362,85,2022-03-30
5368,209,2022-03-30
5369,24,2022-03-30
5376,51,2022-03-30
5380,592,2022-03-30
5385,1023,2022-03-30
5387,6,2022-03-30
5393,184,2022-03-30
5396,38,2022-03-30
5398,613,2022-03-30
5403,455,2022-03-30
5416,22,2022-03-30
5419,792,2022-03-30
5427,350,2022-03-30
5448,170,2022-03-30
5465,2,2022-03-30
5467,336,2022-03-30
5484,89,2022-03-30
5491,283,2022-03-30
5530,108,2022-03-30
5569,165,2022-03-30
5595,25,2022-03-30
5603,339,2022-03-30
5667,130,2022-03-30
5674,694,2022-03-30
5676,56,2022-03-30
5715,1154,2022-03-31
5720,438,2022-03-31
5757,80,2022-03-31
5758,455,2022-03-31
5779,792,2022-03-31
5836,68,2022-03-31
5842,15,2022-03-31
5853,425,2022-03-31
5858,34,2022-03-31
5859,57,2022-03-31
5861,950,2022-03-31
5873,418,2022-03-31
5878,377,2022-03-31
5890,5,2022-03-31
5904,1280,2022-03-31
5909,89,2022-03-31
5911,881,2022-03-31
5918,108,2022-03-31
5921,1032,2022-03-31
5928,210,2022-03-31
5933,1303,2022-03-31
5940,77,2022-03-31
5951,244,2022-03-31
5964,948,2022-03-31
5974,223,2022-03-31
5997,78,2022-03-31
6023,474,2022-03-31
6036,1507,2022-03-31
6037,166,2022-03-31
6049,382,2022-03-31
6054,694,2022-03-31
6082,215,2022-03-31
6089,1258,2022-03-31
6110,106,2022-03-31
6111,75,2022-03-31
6141,380,2022-04-01
6150,301,2022-04-01
6154,778,2022-04-01
6156,89,2022-04-01
6162,932,2022-04-01
6165,184,2022-04-01
6166,91,2022-04-01
6175,129,2022-04-01
6178,722,2022-04-01
6195,12,2022-04-01
6225,342,2022-04-01
6227,272,2022-04-01
6234,450,2022-04-01
6238,1,2022-04-01
6244,281,2022-04-01
6249,492,2022-04-01
6255,438,2022-04-01
6260,474,2022-04-01
6268,175,2022-04-01
6275,792,2022-04-01
6276,166,2022-04-01
6327,397,2022-04-01
6329,57,2022-04-01
6337,34,2022-04-01
6342,205,2022-04-01
6353,70,2022-04-01
6358,965,2022-04-01
6380,13,2022-04-01
6386,115,2022-04-01
6390,215,2022-04-01
6403,50,2022-04-01
6429,81,2022-04-01
6498,595,2022-04-01
6499,149,2022-04-02
6508,808,2022-04-02
6512,475,2022-04-02
6515,1452,2022-04-02
6516,91,2022-04-02
6525,1357,2022-04-02
6526,450,2022-04-02
6544,1388,2022-04-02
6545,506,2022-04-02
6556,705,2022-04-02
6563,652,2022-04-03
6564,1009,2022-04-03
6575,778,2022-04-03
6584,112,2022-04-03
6587,722,2022-04-03
6594,11,2022-04-03
6603,122,2022-04-03
6620,169,2022-04-03
6630,91,2022-04-04
6646,228,2022-04-04
6664,281,2022-04-04
6666,430,2022-04-04
6673,58,2022-04-04
6674,184,2022-04-04
6683,68,2022-04-04
6705,6,2022-04-04
6711,12,2022-04-04
6725,1000,2022-04-04
6727,209,2022-04-04
6748,11,2022-04-04
6751,285,2022-04-04
6757,397,2022-04-04
6765,113,2022-04-04
6770,168,2022-04-04
6782,89,2022-04-04
6789,142,2022-04-04
6792,261,2022-04-04
6794,232,2022-04-04
6810,484,2022-04-04
6814,331,2022-04-04
6817,162,2022-04-04
6832,47,2022-04-04
6839,108,2022-04-04
6844,20,2022-04-04
6886,165,2022-04-04
6887,1282,2022-04-04
6892,41,2022-04-04
6930,847,2022-04-04
6931,1297,2022-04-04
6975,75,2022-04-04
6976,2,2022-04-04
7002,311,2022-04-04
7045,79,2022-04-04
7046,1273,2022-04-04
7065,223,2022-04-04
7073,964,2022-04-04
7093,1208,2022-04-04
7104,76,2022-04-04
7107,847,2022-04-05
7110,1188,2022-04-05
7117,652,2022-04-05
7119,382,2022-04-05
7123,12,2022-04-05
7148,792,2022-04-05
7172,567,2022-04-05
7179,11,2022-04-05
7202,281,2022-04-05
7211,7,2022-04-05
7216,15,2022-04-05
7217,665,2022-04-05
7218,499,2022-04-05
7222,141,2022-04-05
7224,645,2022-04-05
7243,103,2022-04-05
7245,430,2022-04-05
7254,397,2022-04-05
7257,5,2022-04-05
7264,850,2022-04-05
7266,717,2022-04-05
7268,1509,2022-04-05
7274,121,2022-04-05
7276,34,2022-04-05
7278,168,2022-04-05
7287,211,2022-04-05
7296,474,2022-04-05
7301,1448,2022-04-05
7310,238,2022-04-05
7322,484,2022-04-05
7324,331,2022-04-05
7344,78,2022-04-05
7352,56,2022-04-05
7360,285,2022-04-05
7361,57,2022-04-05
7365,89,2022-04-05
7366,80,2022-04-05
7372,42,2022-04-05
7380,1098,2022-04-05
7396,349,2022-04-05
7399,790,2022-04-05
7404,560,2022-04-05
7409,749,2022-04-05
7411,799,2022-04-05
7447,109,2022-04-05
7469,158,2022-04-05
7471,350,2022-04-05
7474,130,2022-04-05
7475,600,2022-04-05
7481,175,2022-04-05
7484,167,2022-04-05
7486,561,2022-04-05
7490,41,2022-04-05
7520,115,2022-04-05
7521,77,2022-04-05
7522,311,2022-04-05
7531,108,2022-04-05
7537,53,2022-04-05
7553,1373,2022-04-05
7576,460,2022-04-06
7577,643,2022-04-06
7593,1238,2022-04-06
7594,932,2022-04-06
7597,941,2022-04-06
7598,299,2022-04-06
7599,11,2022-04-06
7619,1089,2022-04-06
7622,477,2022-04-06
7630,184,2022-04-06
7632,608,2022-04-06
7635,560,2022-04-06
7636,508,2022-04-06
7638,1069,2022-04-06
7646,171,2022-04-06
7670,1266,2022-04-06
7675,349,2022-04-06
7680,93,2022-04-06
7682,194,2022-04-06
7688,221,2022-04-06
7695,749,2022-04-06
7704,437,2022-04-06
7722,656,2022-04-06
7748,142,2022-04-06
7760,44,2022-04-06
7771,15,2022-04-06
7783,625,2022-04-06
7785,101,2022-04-06
7787,1370,2022-04-06
7795,121,2022-04-06
7804,210,2022-04-06
7817,84,2022-04-06
7828,68,2022-04-06
7830,237,2022-04-06
7843,60,2022-04-06
7849,36,2022-04-06
7851,600,2022-04-06
7853,6,2022-04-06
7869,41,2022-04-06
7888,57,2022-04-06
7894,89,2022-04-06
7905,108,2022-04-06
7943,158,2022-04-06
7972,50,2022-04-06
7974,1421,2022-04-06
8017,311,2022-04-06
8018,51,2022-04-06
8030,819,2022-04-06
8038,446,2022-04-07
8044,324,2022-04-07
8045,430,2022-04-07
8056,1053,2022-04-07
8066,11,2022-04-07
8067,57,2022-04-07
8076,593,2022-04-07
8081,932,2022-04-07
8082,498,2022-04-07
8098,1007,2022-04-07
8102,80,2022-04-07
8108,533,2022-04-07
8118,735,2022-04-07
8122,1248,2022-04-07
8126,326,2022-04-07
8137,89,2022-04-07
8143,184,2022-04-07
8148,247,2022-04-07
8149,475,2022-04-07
8167,388,2022-04-07
8168,403,2022-04-07
8170,55,2022-04-07
8177,51,2022-04-07
8181,1360,2022-04-07
8187,70,2022-04-07
8188,1458,2022-04-07
8191,86,2022-04-07
8197,381,2022-04-07
8200,121,2022-04-07
8202,221,2022-04-07
8203,29,2022-04-07
8216,342,2022-04-07
8223,75,2022-04-07
8250,528,2022-04-07
8313,210,2022-04-07
8325,382,2022-04-07
8334,433,2022-04-07
8338,752,2022-04-07
8340,158,2022-04-07
8352,47,2022-04-07
8355,477,2022-04-07
8359,42,2022-04-07
8361,53,2022-04-07
8363,504,2022-04-07
8380,216,2022-04-07
8403,108,2022-04-07
8414,467,2022-04-07
8429,223,2022-04-07
8434,1117,2022-04-07
8436,30,2022-04-07
8453,215,2022-04-07
8462,1184,2022-04-07
8467,1250,2022-04-07
8478,1523,2022-04-07
8481,458,2022-04-07
8492,173,2022-04-07
8493,103,2022-04-08
8519,192,2022-04-08
8523,12,2022-04-08
8533,47,2022-04-08
8551,543,2022-04-08
8556,533,2022-04-08
8563,10,2022-04-08
8582,29,2022-04-08
8590,546,2022-04-08
8592,44,2022-04-08
8668,328,2022-04-08
8669,673,2022-04-08
8697,581,2022-04-08
8717,70,2022-04-08
8719,7,2022-04-08
8859,922,2022-04-08
8868,314,2022-04-08
8897,1371,2022-04-08
8899,184,2022-04-08
8902,437,2022-04-08
8909,1091,2022-04-08
8911,756,2022-04-08
8931,527,2022-04-08
8957,42,2022-04-08
8960,1013,2022-04-08
8965,6,2022-04-08
8966,15,2022-04-08
9005,23,2022-04-08
9016,55,2022-04-08
9025,225,2022-04-08
9028,168,2022-04-08
9048,173,2022-04-08
9068,20,2022-04-08
9088,790,2022-04-08
9103,36,2022-04-08
9143,1142,2022-04-08
9144,13,2022-04-08
9164,1445,2022-04-08
9192,246,2022-04-08
9198,56,2022-04-08
9245,64,2022-04-08
9281,835,2022-04-09
9282,1222,2022-04-09
9300,900,2022-04-09
9303,138,2022-04-09
9326,1203,2022-04-09
9346,11,2022-04-09
9353,1349,2022-04-09
9359,278,2022-04-09
9365,173,2022-04-10
9366,82,2022-04-10
9420,1276,2022-04-10
9422,11,2022-04-10
9460,184,2022-04-10
9461,68,2022-04-10
9466,824,2022-04-10
9469,219,2022-04-10
9472,1097,2022-04-10
9474,168,2022-04-10
9502,80,2022-04-10
9509,579,2022-04-10
9517,324,2022-04-11
9522,12,2022-04-11
9527,192,2022-04-11
9530,36,2022-04-11
9534,115,2022-04-11
9539,224,2022-04-11
9540,44,2022-04-11
9579,168,2022-04-11
9592,15,2022-04-11
9594,82,2022-04-11
9600,1141,2022-04-11
9617,687,2022-04-11
9622,1337,2022-04-11
9632,55,2022-04-11
9647,1435,2022-04-11
9665,157,2022-04-11
9678,10,2022-04-11
9679,73,2022-04-11
9712,352,2022-04-11
9742,616,2022-04-11
9745,1108,2022-04-11
9755,382,2022-04-11
9756,128,2022-04-11
9761,243,2022-04-11
9768,508,2022-04-11
9777,108,2022-04-11
9782,746,2022-04-11
9824,5,2022-04-11
9826,1129,2022-04-11
9846,6,2022-04-11
9887,42,2022-04-11
9889,210,2022-04-11
9894,1257,2022-04-11
9901,358,2022-04-11
9918,56,2022-04-11
9927,418,2022-04-11
9971,1085,2022-04-11
9976,278,2022-04-11
9984,38,2022-04-11
10014,1285,2022-04-11
10015,142,2022-04-11
10023,51,2022-04-11
10037,503,2022-04-11
10040,1202,2022-04-11
10063,215,2022-04-11
10078,108,2022-04-12
10087,438,2022-04-12
10091,466,2022-04-12
10092,1051,2022-04-12
10103,755,2022-04-12
10119,740,2022-04-12
10125,15,2022-04-12
10138,1525,2022-04-12
10139,221,2022-04-12
10140,57,2022-04-12
10168,508,2022-04-12
10171,906,2022-04-12
10200,103,2022-04-12
10222,602,2022-04-12
10243,89,2022-04-12
10247,254,2022-04-12
10249,5,2022-04-12
10256,246,2022-04-12
10276,261,2022-04-12
10280,79,2022-04-12
10283,314,2022-04-12
10285,34,2022-04-12
10299,464,2022-04-12
10302,1142,2022-04-12
10327,25,2022-04-12
10363,1524,2022-04-12
10373,215,2022-04-12
10384,165,2022-04-12
10394,48,2022-04-12
10401,1125,2022-04-12
10408,42,2022-04-12
10419,118,2022-04-12
10461,589,2022-04-12
10478,208,2022-04-12
10480,162,2022-04-12
10481,446,2022-04-12
10505,420,2022-04-12
10520,1047,2022-04-12
10534,106,2022-04-12
10542,429,2022-04-13
10548,430,2022-04-13
10553,698,2022-04-13
10560,516,2022-04-13
10567,1363,2022-04-13
10573,1465,2022-04-13
10575,77,2022-04-13
10607,665,2022-04-13
10610,44,2022-04-13
10619,10,2022-04-13
10631,216,2022-04-13
10638,184,2022-04-13
10639,583,2022-04-13
10649,20,2022-04-13
10655,49,2022-04-13
10656,1528,2022-04-13
10669,5,2022-04-13
10674,579,2022-04-13
10683,365,2022-04-13
10686,51,2022-04-13
10688,328,2022-04-13
10697,156,2022-04-13
10700,305,2022-04-13
10701,1164,2022-04-13
10707,564,2022-04-13
10720,108,2022-04-13
10723,249,2022-04-13
10733,15,2022-04-13
10749,496,2022-04-13
10760,130,2022-04-13
10772,53,2022-04-13
10773,246,2022-04-13
10774,1059,2022-04-13
10784,217,2022-04-13
10789,751,2022-04-13
10801,382,2022-04-13
10803,106,2022-04-13
10818,59,2022-04-13
10827,523,2022-04-13
10855,58,2022-04-13
10870,25,2022-04-13
10931,115,2022-04-13
10977,38,2022-04-13
11016,173,2022-04-13
11025,598,2022-04-13
11049,1202,2022-04-13
11058,1285,2022-04-13
11060,446,2022-04-13
11094,206,2022-04-13
11099,219,2022-04-13
11115,120,2022-04-13
11139,57,2022-04-13
11149,453,2022-04-13
11151,277,2022-04-13
11159,165,2022-04-13
11168,244,2022-04-13
11193,82,2022-04-14
11205,15,2022-04-14
11210,665,2022-04-14
11216,1347,2022-04-14
11217,22,2022-04-14
11220,1306,2022-04-14
11240,12,2022-04-14
11245,444,2022-04-14
11249,352,2022-04-14
11255,1009,2022-04-14
11258,93,2022-04-14
11262,53,2022-04-14
11268,176,2022-04-14
11274,68,2022-04-14
11284,157,2022-04-14
11297,118,2022-04-14
11312,37,2022-04-14
11316,616,2022-04-14
11320,244,2022-04-14
11321,2,2022-04-14
11334,108,2022-04-14
11336,117,2022-04-14
11377,539,2022-04-14
11380,65,2022-04-14
11384,333,2022-04-14
11386,51,2022-04-14
11392,446,2022-04-14
11394,13,2022-04-14
11434,852,2022-04-14
11436,492,2022-04-14
11462,1178,2022-04-14
11484,120,2022-04-14
11488,278,2022-04-14
11501,350,2022-04-14
11513,115,2022-04-14
11515,419,2022-04-14
11519,817,2022-04-14
11522,77,2022-04-14
11540,253,2022-04-14
11543,269,2022-04-14
11545,836,2022-04-14
11548,120,2022-04-15
11549,197,2022-04-15
11560,253,2022-04-15
11563,1393,2022-04-15
11564,515,2022-04-15
11565,19,2022-04-15
11575,9,2022-04-15
11583,4,2022-04-15
11586,107,2022-04-15
11594,673,2022-04-15
11596,15,2022-04-15
11598,222,2022-04-15
11605,526,2022-04-15
11625,243,2022-04-15
11637,444,2022-04-15
11672,817,2022-04-15
11677,628,2022-04-15
11691,93,2022-04-15
11702,176,2022-04-15
11714,53,2022-04-15
11729,20,2022-04-15
11737,324,2022-04-15
11740,333,2022-04-15
11776,65,2022-04-15
11790,1125,2022-04-15
11801,77,2022-04-15
11812,107,2022-04-16
11817,12,2022-04-16
11826,714,2022-04-16
11832,148,2022-04-16
11849,378,2022-04-16
11891,80,2022-04-17
11895,113,2022-04-17
11899,714,2022-04-17
11901,327,2022-04-17
11911,184,2022-04-17
11947,168,2022-04-18
11950,532,2022-04-18
11951,12,2022-04-18
11952,80,2022-04-18
11958,73,2022-04-18
11959,125,2022-04-18
11968,961,2022-04-18
11975,107,2022-04-18
11984,293,2022-04-18
12014,7,2022-04-18
12033,464,2022-04-18
12074,54,2022-04-18
12075,616,2022-04-18
12076,11,2022-04-18
12080,121,2022-04-18
12088,839,2022-04-18
12105,782,2022-04-18
12118,6,2022-04-18
12136,60,2022-04-18
12141,118,2022-04-18
12159,242,2022-04-18
12160,166,2022-04-18
12162,261,2022-04-18
12179,165,2022-04-18
12180,132,2022-04-18
12182,81,2022-04-18
12215,42,2022-04-18
12237,174,2022-04-18
12239,135,2022-04-18
12241,709,2022-04-18
12242,760,2022-04-18
12245,333,2022-04-18
12261,20,2022-04-18
12268,382,2022-04-18
12283,1028,2022-04-18
12290,246,2022-04-18
12296,1137,2022-04-18
12298,809,2022-04-18
12299,418,2022-04-18
12303,108,2022-04-18
12305,826,2022-04-18
12312,269,2022-04-18
12342,130,2022-04-19
12349,189,2022-04-19
12351,83,2022-04-19
12364,782,2022-04-19
12366,173,2022-04-19
12378,1489,2022-04-19
12382,10,2022-04-19
12387,341,2022-04-19
12390,6,2022-04-19
12396,1103,2022-04-19
12398,9,2022-04-19
12404,975,2022-04-19
12405,616,2022-04-19
12411,103,2022-04-19
12424,171,2022-04-19
12428,70,2022-04-19
12429,38,2022-04-19
12430,80,2022-04-19
12440,33,2022-04-19
12442,644,2022-04-19
12443,1022,2022-04-19
12446,184,2022-04-19
12448,93,2022-04-19
12472,989,2022-04-19
12495,1466,2022-04-19
12498,50,2022-04-19
12502,328,2022-04-19
12515,15,2022-04-19
12523,528,2022-04-19
12534,675,2022-04-19
12539,809,2022-04-19
12545,108,2022-04-19
12551,219,2022-04-19
12562,118,2022-04-19
12564,68,2022-04-19
12584,200,2022-04-19
12589,34,2022-04-19
12596,42,2022-04-19
12611,510,2022-04-19
12624,115,2022-04-19
12628,20,2022-04-19
12658,167,2022-04-19
12680,998,2022-04-19
12725,206,2022-04-19
12737,57,2022-04-19
12800,68,2022-04-20
12804,130,2022-04-20
12809,1223,2022-04-20
12811,83,2022-04-20
12818,162,2022-04-20
12829,304,2022-04-20
12832,53,2022-04-20
12833,161,2022-04-20
12861,556,2022-04-20
12868,121,2022-04-20
12873,38,2022-04-20
12888,444,2022-04-20
12902,1416,2022-04-20
12912,11,2022-04-20
12920,1261,2022-04-20
12922,15,2022-04-20
12925,451,2022-04-20
12927,57,2022-04-20
12935,10,2022-04-20
12981,367,2022-04-20
12984,70,2022-04-20
12989,6,2022-04-20
12994,124,2022-04-20
13005,93,2022-04-20
13011,559,2022-04-20
13035,223,2022-04-20
13039,25,2022-04-20
13052,850,2022-04-20
13056,13,2022-04-20
13062,64,2022-04-20
13068,115,2022-04-20
13099,77,2022-04-20
13127,80,2022-04-20
13131,606,2022-04-20
13135,442,2022-04-20
13141,225,2022-04-20
13142,418,2022-04-20
13143,206,2022-04-20
13167,1251,2022-04-20
13171,20,2022-04-20
13190,108,2022-04-20
13230,41,2022-04-21
13231,215,2022-04-21
13245,767,2022-04-21
13250,12,2022-04-21
13252,57,2022-04-21
13256,636,2022-04-21
13259,10,2022-04-21
13261,692,2022-04-21
13264,1086,2022-04-21
13265,80,2022-04-21
13271,168,2022-04-21
13284,184,2022-04-21
13287,297,2022-04-21
13294,192,2022-04-21
13299,1491,2022-04-21
13303,254,2022-04-21
13308,508,2022-04-21
13328,451,2022-04-21
13334,413,2022-04-21
13348,409,2022-04-21
13351,832,2022-04-21
13366,68,2022-04-21
13372,1162,2022-04-21
13373,66,2022-04-21
13390,324,2022-04-21
13391,414,2022-04-21
13400,566,2022-04-21
13411,89,2022-04-21
13427,198,2022-04-21
13450,849,2022-04-21
13458,617,2022-04-21
13483,293,2022-04-21
13489,115,2022-04-21
13492,6,2022-04-21
13494,244,2022-04-21
13495,77,2022-04-21
13498,20,2022-04-21
13502,253,2022-04-21
13503,1213,2022-04-21
13515,65,2022-04-21
13530,826,2022-04-21
13537,220,2022-04-21
13552,51,2022-04-22
13553,444,2022-04-22
13556,1334,2022-04-22
13559,9,2022-04-22
13576,192,2022-04-22
13588,74,2022-04-22
13595,12,2022-04-22
13596,153,2022-04-22
13597,1083,2022-04-22
13602,161,2022-04-22
13610,53,2022-04-22
13618,281,2022-04-22
13619,388,2022-04-22
13620,34,2022-04-22
13629,1457,2022-04-22
13630,33,2022-04-22
13632,80,2022-04-22
13641,723,2022-04-22
13658,1096,2022-04-22
13661,115,2022-04-22
13663,194,2022-04-22
13674,168,2022-04-22
13687,54,2022-04-22
13688,121,2022-04-22
13698,93,2022-04-22
13717,38,2022-04-22
13729,89,2022-04-22
13756,25,2022-04-22
13767,1326,2022-04-22
13777,1109,2022-04-22
13794,494,2022-04-22
13797,612,2022-04-22
13801,108,2022-04-22
13803,618,2022-04-22
13804,42,2022-04-22
13805,158,2022-04-22
13807,270,2022-04-22
13822,683,2022-04-22
13827,2,2022-04-22
13835,76,2022-04-22
13847,30,2022-04-22
13864,1527,2022-04-23
13865,452,2022-04-23
13872,343,2022-04-23
13876,51,2022-04-23
13877,763,2022-04-23
13882,54,2022-04-23
13883,329,2022-04-23
13892,128,2022-04-23
13893,139,2022-04-23
13896,1274,2022-04-23
13901,200,2022-04-23
13910,19,2022-04-24
13913,7,2022-04-24
13918,32,2022-04-24
13932,318,2022-04-24
13942,1186,2022-04-24
13949,113,2022-04-24
13964,9,2022-04-24
13971,225,2022-04-25
13974,52,2022-04-25
13975,10,2022-04-25
13985,184,2022-04-25
13986,665,2022-04-25
13993,383,2022-04-25
14019,9,2022-04-25
14083,33,2022-04-25
14088,103,2022-04-25
14106,176,2022-04-25
14111,728,2022-04-25
14119,209,2022-04-25
14122,60,2022-04-25
14126,32,2022-04-25
14154,842,2022-04-25
14172,690,2022-04-25
14177,397,2022-04-25
14181,414,2022-04-25
14188,285,2022-04-25
14210,38,2022-04-25
14211,34,2022-04-25
14220,4,2022-04-25
14229,147,2022-04-25
14236,382,2022-04-25
14239,80,2022-04-25
14255,421,2022-04-25
14301,559,2022-04-25
14302,206,2022-04-25
14324,494,2022-04-25
14325,57,2022-04-25
14340,489,2022-04-25
14352,443,2022-04-25
14357,42,2022-04-25
14358,108,2022-04-25
14367,253,2022-04-25
14383,270,2022-04-25
14390,106,2022-04-25
14402,244,2022-04-25
14421,992,2022-04-25
14425,25,2022-04-25
14438,170,2022-04-25
14462,50,2022-04-25
14472,48,2022-04-25
14483,1286,2022-04-26
14503,665,2022-04-26
14504,280,2022-04-26
14505,11,2022-04-26
14507,357,2022-04-26
14510,7,2022-04-26
14522,148,2022-04-26
14531,168,2022-04-26
14545,24,2022-04-26
14547,9,2022-04-26
14554,12,2022-04-26
14564,33,2022-04-26
14570,18,2022-04-26
14576,328,2022-04-26
14589,115,2022-04-26
14593,1364,2022-04-26
14608,36,2022-04-26
14618,176,2022-04-26
14632,996,2022-04-26
14645,155,2022-04-26
14648,252,2022-04-26
14653,690,2022-04-26
14655,118,2022-04-26
14656,1093,2022-04-26
14658,508,2022-04-26
14662,126,2022-04-26
14666,34,2022-04-26
14670,352,2022-04-26
14675,5,2022-04-26
14681,857,2022-04-26
14687,25,2022-04-26
14688,1111,2022-04-26
14694,406,2022-04-26
14716,346,2022-04-26
14735,108,2022-04-26
14744,77,2022-04-26
14750,188,2022-04-26
14768,6,2022-04-26
14770,158,2022-04-26
14774,896,2022-04-26
14778,20,2022-04-26
14786,246,2022-04-26
14787,295,2022-04-26
14825,68,2022-04-26
14826,42,2022-04-26
14833,51,2022-04-26
14867,800,2022-04-26
14876,1078,2022-04-26
14883,563,2022-04-26
14893,9,2022-04-27
14900,24,2022-04-27
14913,444,2022-04-27
14934,1104,2022-04-27
14938,102,2022-04-27
14944,68,2022-04-27
14954,228,2022-04-27
14963,454,2022-04-27
14974,11,2022-04-27
14977,295,2022-04-27
14982,7,2022-04-27
14997,80,2022-04-27
15010,1510,2022-04-27
15016,5,2022-04-27
15019,924,2022-04-27
15025,553,2022-04-27
15030,115,2022-04-27
15031,383,2022-04-27
15050,104,2022-04-27
15072,690,2022-04-27
15081,1300,2022-04-27
15100,371,2022-04-27
15109,1398,2022-04-27
15112,687,2022-04-27
15124,79,2022-04-27
15125,153,2022-04-27
15138,6,2022-04-27
15148,188,2022-04-27
15161,977,2022-04-27
15163,2,2022-04-27
15166,452,2022-04-27
15169,1216,2022-04-27
15188,42,2022-04-27
15193,448,2022-04-27
15196,1147,2022-04-27
15201,377,2022-04-27
15230,184,2022-04-27
15234,127,2022-04-27
15256,167,2022-04-27
15262,1498,2022-04-27
15275,353,2022-04-27
15288,53,2022-04-27
15303,915,2022-04-27
15308,20,2022-04-27
15321,108,2022-04-27
15348,51,2022-04-27
15367,106,2022-04-27
15408,57,2022-04-27
15420,1312,2022-04-27
15431,24,2022-04-28
15438,553,2022-04-28
15441,925,2022-04-28
15444,7,2022-04-28
15457,279,2022-04-28
15461,515,2022-04-28
15478,85,2022-04-28
15490,125,2022-04-28
15493,26,2022-04-28
15500,38,2022-04-28
15511,1291,2022-04-28
15516,451,2022-04-28
15518,184,2022-04-28
15537,1295,2022-04-28
15541,726,2022-04-28
15545,202,2022-04-28
15560,93,2022-04-28
15602,983,2022-04-28
15604,80,2022-04-28
15607,840,2022-04-28
15624,620,2022-04-28
15625,303,2022-04-28
15629,95,2022-04-28
15637,999,2022-04-28
15639,101,2022-04-28
15648,108,2022-04-28
15677,649,2022-04-28
15687,6,2022-04-28
15698,285,2022-04-28
15701,77,2022-04-28
15705,139,2022-04-28
15715,188,2022-04-28
15719,20,2022-04-28
15781,185,2022-04-28
15782,42,2022-04-28
15789,130,2022-04-28
15799,102,2022-04-28
15821,83,2022-04-28
15837,57,2022-04-28
15842,382,2022-04-28
15843,1226,2022-04-28
15846,68,2022-04-28
15861,14,2022-04-28
15876,704,2022-04-28
15888,51,2022-04-29
15894,548,2022-04-29
15898,170,2022-04-29
15902,24,2022-04-29
15922,7,2022-04-29
15931,1488,2022-04-29
15932,80,2022-04-29
15935,117,2022-04-29
15939,352,2022-04-29
15944,4,2022-04-29
15947,472,2022-04-29
15954,34,2022-04-29
15955,388,2022-04-29
15959,171,2022-04-29
15969,1180,2022-04-29
15972,125,2022-04-29
15976,1341,2022-04-29
15981,424,2022-04-29
15983,67,2022-04-29
15985,726,2022-04-29
15988,285,2022-04-29
15993,209,2022-04-29
16006,286,2022-04-29
16011,11,2022-04-29
16030,6,2022-04-29
16032,14,2022-04-29
16035,55,2022-04-29
16036,661,2022-04-29
16052,1058,2022-04-29
16058,240,2022-04-29
16059,54,2022-04-29
16064,185,2022-04-29
16078,342,2022-04-29
16094,1168,2022-04-29
16095,20,2022-04-29
16098,56,2022-04-29
16100,59,2022-04-29
16110,46,2022-04-29
16118,83,2022-04-29
16125,130,2022-04-29
16127,68,2022-04-29
16153,30,2022-04-29
16174,139,2022-04-29
16177,416,2022-04-29
16246,41,2022-04-29
16264,547,2022-04-29
16270,112,2022-04-29
16272,574,2022-04-30
16280,80,2022-04-30
16285,6,2022-04-30
16286,87,2022-04-30
16290,1270,2022-04-30
16307,884,2022-04-30
16314,600,2022-04-30
16317,638,2022-04-30
16322,308,2022-04-30
16337,529,2022-05-01
16345,7,2022-05-01
16351,294,2022-05-01
16352,155,2022-05-01
16357,600,2022-05-01
16361,111,2022-05-01
16374,884,2022-05-02
16376,1121,2022-05-02
16386,24,2022-05-02
16387,4,2022-05-02
16388,168,2022-05-02
16390,7,2022-05-02
16397,294,2022-05-02
16407,87,2022-05-02
16416,252,2022-05-02
16420,5,2022-05-02
16421,51,2022-05-02
16422,651,2022-05-02
16428,1366,2022-05-02
16476,1210,2022-05-02
16477,388,2022-05-02
16486,80,2022-05-02
16512,445,2022-05-02
16518,130,2022-05-02
16528,524,2022-05-02
16541,14,2022-05-02
16543,231,2022-05-02
16546,589,2022-05-02
16549,170,2022-05-02
16580,302,2022-05-02
16593,436,2022-05-02
16597,240,2022-05-02
16600,20,2022-05-02
16686,47,2022-05-02
16688,446,2022-05-02
16699,1292,2022-05-02
16700,11,2022-05-02
16706,132,2022-05-02
16727,416,2022-05-02
16730,57,2022-05-02
16746,600,2022-05-02
16751,53,2022-05-02
16772,1262,2022-05-02
16826,223,2022-05-02
16829,1384,2022-05-02
16849,50,2022-05-02
16897,851,2022-05-02
16909,128,2022-05-02
16914,1383,2022-05-02
16929,269,2022-05-03
16949,59,2022-05-03
16974,57,2022-05-03
16993,1329,2022-05-03
16999,1027,2022-05-03
17000,947,2022-05-03
17002,1210,2022-05-03
17007,295,2022-05-03
17023,36,2022-05-03
17025,89,2022-05-03
17079,991,2022-05-03
17083,77,2022-05-03
17091,240,2022-05-03
17093,101,2022-05-03
17104,166,2022-05-03
17111,1414,2022-05-03
17115,614,2022-05-03
17133,65,2022-05-03
17139,225,2022-05-03
17147,1098,2022-05-03
17153,255,2022-05-03
17157,481,2022-05-03
17167,158,2022-05-03
17183,68,2022-05-03
17203,108,2022-05-03
17217,20,2022-05-03
17247,189,2022-05-03
17248,124,2022-05-03
17259,64,2022-05-03
17319,387,2022-05-03
17323,619,2022-05-03
17324,291,2022-05-03
17329,440,2022-05-03
17354,418,2022-05-03
17365,352,2022-05-03
17375,170,2022-05-04
17394,241,2022-05-04
17399,967,2022-05-04
17412,87,2022-05-04
17435,148,2022-05-04
17469,22,2022-05-04
17472,89,2022-05-04
17479,388,2022-05-04
17495,15,2022-05-04
17509,33,2022-05-04
17513,36,2022-05-04
17548,184,2022-05-04
17559,101,2022-05-04
17581,25,2022-05-04
17582,445,2022-05-04
17583,929,2022-05-04
17604,312,2022-05-04
17608,316,2022-05-04
17616,246,2022-05-04
17630,47,2022-05-04
17633,859,2022-05-04
17641,77,2022-05-04
17654,387,2022-05-04
17707,347,2022-05-04
17711,118,2022-05-04
17716,130,2022-05-04
17723,446,2022-05-04
17732,1487,2022-05-04
17736,166,2022-05-04
17764,68,2022-05-04
17767,1290,2022-05-04
17795,279,2022-05-05
17801,24,2022-05-05
17820,970,2022-05-05
17823,126,2022-05-05
17848,1152,2022-05-05
17854,1288,2022-05-05
17856,7,2022-05-05
17860,271,2022-05-05
17865,626,2022-05-05
17867,589,2022-05-05
17868,115,2022-05-05
17872,261,2022-05-05
17908,168,2022-05-05
17911,148,2022-05-05
17918,316,2022-05-05
17927,221,2022-05-05
17929,121,2022-05-05
17936,210,2022-05-05
17941,6,2022-05-05
17944,377,2022-05-05
17953,342,2022-05-05
17972,1120,2022-05-05
17979,812,2022-05-05
18009,213,2022-05-05
18019,170,2022-05-05
18025,56,2022-05-05
18038,51,2022-05-05
18047,101,2022-05-05
18055,246,2022-05-05
18056,285,2022-05-05
18068,382,2022-05-05
18069,57,2022-05-05
18088,225,2022-05-05
18105,167,2022-05-05
18112,242,2022-05-05
18115,2,2022-05-05
18123,174,2022-05-05
18140,1444,2022-05-05
18141,798,2022-05-06
18142,6,2022-05-06
18149,27,2022-05-06
18152,917,2022-05-06
18157,187,2022-05-06
18185,80,2022-05-06
18189,93,2022-05-06
18191,610,2022-05-06
18192,224,2022-05-06
18215,842,2022-05-06
18219,54,2022-05-06
18228,184,2022-05-06
18235,379,2022-05-06
18248,1065,2022-05-06
18258,954,2022-05-06
18260,38,2022-05-06
18277,951,2022-05-06
18278,425,2022-05-06
18289,34,2022-05-06
18292,2,2022-05-06
18307,360,2022-05-06
18330,89,2022-05-06
18356,1497,2022-05-06
18360,401,2022-05-06
18370,734,2022-05-06
18373,130,2022-05-06
18377,991,2022-05-06
18387,137,2022-05-06
18411,433,2022-05-06
18419,115,2022-05-06
18422,225,2022-05-06
18432,56,2022-05-06
18433,57,2022-05-06
18443,20,2022-05-06
18471,291,2022-05-06
18476,1526,2022-05-06
18484,287,2022-05-06
18485,213,2022-05-06
18516,68,2022-05-06
18556,47,2022-05-06
18558,264,2022-05-06
18581,804,2022-05-07
18591,27,2022-05-07
18597,1044,2022-05-07
18598,1473,2022-05-07
18601,519,2022-05-07
18603,411,2022-05-07
18609,155,2022-05-07
18610,569,2022-05-07
18615,529,2022-05-07
18618,96,2022-05-07
18629,1490,2022-05-07
18631,261,2022-05-07
18633,95,2022-05-08
18641,142,2022-05-08
18674,7,2022-05-08
18676,445,2022-05-08
18679,646,2022-05-08
18682,803,2022-05-08
18687,548,2022-05-08
18703,168,2022-05-08
18706,377,2022-05-08
18711,308,2022-05-08
18713,1019,2022-05-08
18715,1204,2022-05-08
18720,191,2022-05-08
18736,132,2022-05-08
18757,68,2022-05-08
18771,488,2022-05-09
18774,548,2022-05-09
18777,1321,2022-05-09
18783,11,2022-05-09
18804,4,2022-05-09
18839,19,2022-05-09
18845,250,2022-05-09
18851,82,2022-05-09
18879,779,2022-05-09
18881,512,2022-05-09
18898,12,2022-05-09
18907,46,2022-05-09
18914,137,2022-05-09
18927,83,2022-05-09
18928,42,2022-05-09
18932,163,2022-05-09
18947,397,2022-05-09
18949,127,2022-05-09
18960,64,2022-05-09
18963,818,2022-05-09
18973,2,2022-05-09
18986,134,2022-05-09
19002,187,2022-05-09
19004,20,2022-05-09
19009,168,2022-05-09
19016,68,2022-05-09
19034,56,2022-05-09
19039,1196,2022-05-09
19053,167,2022-05-09
19105,370,2022-05-09
19119,30,2022-05-09
19128,151,2022-05-09
19162,1136,2022-05-09
19194,1327,2022-05-10
19214,247,2022-05-10
19215,12,2022-05-10
19238,634,2022-05-10
19252,779,2022-05-10
19266,1302,2022-05-10
19272,1468,2022-05-10
19286,33,2022-05-10
19292,85,2022-05-10
19293,27,2022-05-10
19317,168,2022-05-10
19318,688,2022-05-10
19319,68,2022-05-10
19327,5,2022-05-10
19329,69,2022-05-10
19346,380,2022-05-10
19352,374,2022-05-10
19359,589,2022-05-10
19363,414,2022-05-10
19367,142,2022-05-10
19374,148,2022-05-10
19384,38,2022-05-10
19387,80,2022-05-10
19388,320,2022-05-10
19392,14,2022-05-10
19418,596,2022-05-10
19424,108,2022-05-10
19433,285,2022-05-10
19458,79,2022-05-10
19467,109,2022-05-10
19468,278,2022-05-10
19473,8,2022-05-10
19485,89,2022-05-10
19488,42,2022-05-10
19492,187,2022-05-10
19502,206,2022-05-10
19511,555,2022-05-10
19546,432,2022-05-10
19568,166,2022-05-10
19576,210,2022-05-10
19581,57,2022-05-10
19597,64,2022-05-10
19643,22,2022-05-10
19707,20,2022-05-10
19720,47,2022-05-10
19724,1126,2022-05-10
19727,304,2022-05-11
19731,12,2022-05-11
19741,451,2022-05-11
19752,572,2022-05-11
19761,422,2022-05-11
19791,1087,2022-05-11
19800,318,2022-05-11
19818,507,2022-05-11
19822,712,2022-05-11
19845,7,2022-05-11
19846,27,2022-05-11
19851,542,2022-05-11
19859,345,2022-05-11
19870,22,2022-05-11
19888,69,2022-05-11
19900,1314,2022-05-11
19911,779,2022-05-11
19914,119,2022-05-11
19927,42,2022-05-11
19937,1194,2022-05-11
19938,249,2022-05-11
19940,184,2022-05-11
19947,5,2022-05-11
19956,185,2022-05-11
19957,57,2022-05-11
19960,177,2022-05-11
19972,68,2022-05-11
20007,188,2022-05-11
20010,77,2022-05-11
20013,333,2022-05-11
20061,1040,2022-05-11
20062,362,2022-05-11
20081,458,2022-05-11
20090,108,2022-05-11
20103,244,2022-05-11
20109,30,2022-05-11
20120,636,2022-05-11
20143,1376,2022-05-11
20156,50,2022-05-11
20164,20,2022-05-11
20173,382,2022-05-11
20190,797,2022-05-11
20192,882,2022-05-11
20203,388,2022-05-12
20205,422,2022-05-12
20208,27,2022-05-12
20221,905,2022-05-12
20229,24,2022-05-12
20230,1153,2022-05-12
20232,1343,2022-05-12
20233,42,2022-05-12
20241,670,2022-05-12
20248,184,2022-05-12
20255,80,2022-05-12
20263,125,2022-05-12
20264,115,2022-05-12
20285,9,2022-05-12
20288,512,2022-05-12
20303,328,2022-05-12
20306,610,2022-05-12
20310,589,2022-05-12
20313,19,2022-05-12
20318,94,2022-05-12
20321,11,2022-05-12
20329,34,2022-05-12
20330,295,2022-05-12
20333,1082,2022-05-12
20361,198,2022-05-12
20375,1029,2022-05-12
20382,68,2022-05-12
20398,1199,2022-05-12
20399,110,2022-05-12
20403,4,2022-05-12
20407,413,2022-05-12
20418,148,2022-05-12
20420,6,2022-05-12
20425,425,2022-05-12
20429,1181,2022-05-12
20434,496,2022-05-12
20435,469,2022-05-12
20440,69,2022-05-12
20441,121,2022-05-12
20447,101,2022-05-12
20448,30,2022-05-12
20458,22,2022-05-12
20471,75,2022-05-12
20479,43,2022-05-12
20488,108,2022-05-12
20491,147,2022-05-12
20507,434,2022-05-12
20546,46,2022-05-12
20572,67,2022-05-12
20574,912,2022-05-12
20589,5,2022-05-12
20591,56,2022-05-12
20592,57,2022-05-12
20618,83,2022-05-12
20619,291,2022-05-12
20626,416,2022-05-12
20656,287,2022-05-12
20674,2,2022-05-12
20675,20,2022-05-12
20679,1425,2022-05-12
20690,81,2022-05-12
20706,295,2022-05-13
20714,108,2022-05-13
20720,388,2022-05-13
20727,51,2022-05-13
20728,111,2022-05-13
20729,80,2022-05-13
20739,496,2022-05-13
20741,183,2022-05-13
20743,438,2022-05-13
20746,772,2022-05-13
20747,5,2022-05-13
20760,518,2022-05-13
20764,121,2022-05-13
20768,68,2022-05-13
20770,410,2022-05-13
20776,693,2022-05-13
20777,943,2022-05-13
20782,397,2022-05-13
20783,89,2022-05-13
20788,1295,2022-05-13
20794,553,2022-05-13
20813,125,2022-05-13
20819,572,2022-05-13
20821,425,2022-05-13
20823,621,2022-05-13
20824,899,2022-05-13
20844,126,2022-05-13
20853,150,2022-05-13
20857,2,2022-05-13
20861,119,2022-05-13
20909,513,2022-05-13
20920,579,2022-05-13
20946,158,2022-05-13
20949,88,2022-05-13
20954,379,2022-05-13
20957,30,2022-05-13
20973,223,2022-05-13
20978,239,2022-05-13
20989,863,2022-05-13
20996,187,2022-05-13
21003,174,2022-05-13
21009,130,2022-05-13
21014,382,2022-05-13
21020,134,2022-05-13
21026,53,2022-05-13
21039,42,2022-05-13
21060,253,2022-05-13
21064,20,2022-05-13
21069,41,2022-05-13
21081,1500,2022-05-14
21083,183,2022-05-14
21100,80,2022-05-14
21106,837,2022-05-14
21118,254,2022-05-14
21163,127,2022-05-14
21164,1204,2022-05-14
21169,168,2022-05-14
21174,1513,2022-05-14
21180,1116,2022-05-14
21184,1502,2022-05-15
21186,155,2022-05-15
21187,72,2022-05-15
21199,787,2022-05-15
21267,77,2022-05-15
21332,260,2022-05-15
21337,615,2022-05-15
21345,318,2022-05-15
21349,92,2022-05-15
21365,1391,2022-05-15
21366,778,2022-05-15
21399,168,2022-05-15
21403,67,2022-05-15
21404,253,2022-05-15
21412,479,2022-05-15
21415,406,2022-05-15
21418,158,2022-05-15
21437,1434,2022-05-16
21440,82,2022-05-16
21472,19,2022-05-16
21481,95,2022-05-16
21489,477,2022-05-16
21491,2,2022-05-16
21504,9,2022-05-16
21507,168,2022-05-16
21509,32,2022-05-16
21516,7,2022-05-16
21517,80,2022-05-16
21527,111,2022-05-16
21529,779,2022-05-16
21553,36,2022-05-16
21568,422,2022-05-16
21614,496,2022-05-16
21617,280,2022-05-16
21621,1062,2022-05-16
21623,184,2022-05-16
21630,231,2022-05-16
21639,152,2022-05-16
21647,159,2022-05-16
21648,89,2022-05-16
21666,210,2022-05-16
21689,591,2022-05-16
21718,301,2022-05-16
21724,1234,2022-05-16
21730,252,2022-05-16
21736,158,2022-05-16
21742,163,2022-05-16
21745,5,2022-05-16
21758,149,2022-05-16
21776,42,2022-05-16
21779,130,2022-05-16
21782,187,2022-05-16
21791,287,2022-05-16
21815,83,2022-05-16
21847,734,2022-05-16
21850,479,2022-05-16
21870,189,2022-05-16
21884,420,2022-05-16
21935,178,2022-05-16
21936,276,2022-05-16
21958,30,2022-05-16
21979,13,2022-05-16
21981,458,2022-05-16
21998,253,2022-05-16
22000,57,2022-05-16
22008,108,2022-05-16
22012,76,2022-05-16
22017,976,2022-05-17
22019,12,2022-05-17
22023,797,2022-05-17
22029,134,2022-05-17
22033,626,2022-05-17
22036,48,2022-05-17
22038,1227,2022-05-17
22042,197,2022-05-17
22043,518,2022-05-17
22059,74,2022-05-17
22088,6,2022-05-17
22090,32,2022-05-17
22096,77,2022-05-17
22098,779,2022-05-17
22105,221,2022-05-17
22107,183,2022-05-17
22110,15,2022-05-17
22113,986,2022-05-17
22114,33,2022-05-17
22121,1316,2022-05-17
22126,152,2022-05-17
22132,662,2022-05-17
22143,635,2022-05-17
22148,5,2022-05-17
22154,591,2022-05-17
22155,1163,2022-05-17
22164,589,2022-05-17
22167,553,2022-05-17
22171,1475,2022-05-17
22184,1367,2022-05-17
22186,425,2022-05-17
22189,1,2022-05-17
22210,68,2022-05-17
22221,54,2022-05-17
22237,85,2022-05-17
22240,1519,2022-05-17
22253,34,2022-05-17
22256,1231,2022-05-17
22264,1021,2022-05-17
22267,382,2022-05-17
22281,328,2022-05-17
22285,807,2022-05-17
22294,240,2022-05-17
22303,25,2022-05-17
22305,69,2022-05-17
22322,336,2022-05-17
22330,59,2022-05-17
22332,916,2022-05-17
22352,266,2022-05-17
22355,56,2022-05-17
22360,244,2022-05-17
22375,97,2022-05-17
22380,22,2022-05-17
22397,1127,2022-05-17
22416,130,2022-05-17
22426,42,2022-05-17
22436,108,2022-05-17
22445,606,2022-05-17
22446,170,2022-05-17
22493,2,2022-05-17
22504,367,2022-05-17
22505,159,2022-05-17
22510,187,2022-05-17
22535,291,2022-05-17
22550,619,2022-05-17
22555,555,2022-05-17
22605,1495,2022-05-17
22606,391,2022-05-17
22643,269,2022-05-17
22655,124,2022-05-17
22680,163,2022-05-18
22688,1125,2022-05-18
22689,295,2022-05-18
22693,99,2022-05-18
22696,51,2022-05-18
22698,187,2022-05-18
22711,303,2022-05-18
22728,1332,2022-05-18
22732,1066,2022-05-18
22745,591,2022-05-18
22755,27,2022-05-18
22758,531,2022-05-18
22768,441,2022-05-18
22770,285,2022-05-18
22773,33,2022-05-18
22782,5,2022-05-18
22814,385,2022-05-18
22826,72,2022-05-18
22857,6,2022-05-18
22871,628,2022-05-18
22874,15,2022-05-18
22894,82,2022-05-18
22917,133,2022-05-18
22963,666,2022-05-18
23020,267,2022-05-18
23075,89,2022-05-18
23077,80,2022-05-18
23105,260,2022-05-18
23168,594,2022-05-18
23174,376,2022-05-18
23192,332,2022-05-18
23193,77,2022-05-18
23222,126,2022-05-18
23235,109,2022-05-18
23253,48,2022-05-18
23274,97,2022-05-18
23279,244,2022-05-18
23283,215,2022-05-18
23294,59,2022-05-18
23318,50,2022-05-18
23321,75,2022-05-18
23325,30,2022-05-18
23336,42,2022-05-18
23358,1361,2022-05-18
23364,991,2022-05-18
23371,124,2022-05-18
23373,108,2022-05-18
23390,718,2022-05-18
23399,2,2022-05-18
23401,253,2022-05-18
23414,20,2022-05-18
23418,344,2022-05-18
23463,269,2022-05-18
23478,165,2022-05-18
23481,162,2022-05-18
23496,626,2022-05-19
23507,1024,2022-05-19
23509,594,2022-05-19
23511,35,2022-05-19
23514,82,2022-05-19
23522,997,2022-05-19
23525,1039,2022-05-19
23545,7,2022-05-19
23561,591,2022-05-19
23598,88,2022-05-19
23608,318,2022-05-19
23618,33,2022-05-19
23624,80,2022-05-19
23626,677,2022-05-19
23639,34,2022-05-19
23651,51,2022-05-19
23661,32,2022-05-19
23675,1304,2022-05-19
23695,12,2022-05-19
23723,188,2022-05-19
23726,840,2022-05-19
23752,124,2022-05-19
23762,121,2022-05-19
23777,118,2022-05-19
23781,158,2022-05-19
23782,1263,2022-05-19
23796,85,2022-05-19
23798,147,2022-05-19
23834,385,2022-05-19
23835,20,2022-05-19
23851,165,2022-05-19
23855,57,2022-05-19
23861,185,2022-05-19
23869,8,2022-05-19
23885,630,2022-05-19
23892,127,2022-05-19
23907,108,2022-05-19
23914,2,2022-05-19
23919,42,2022-05-19
23928,325,2022-05-19
23942,870,2022-05-19
23946,463,2022-05-19
23968,387,2022-05-19
23990,22,2022-05-19
23999,1294,2022-05-20
24004,24,2022-05-20
24024,7,2022-05-20
24031,1323,2022-05-20
24032,215,2022-05-20
24033,42,2022-05-20
24035,628,2022-05-20
24038,168,2022-05-20
24048,51,2022-05-20
24058,827,2022-05-20
24064,279,2022-05-20
24067,190,2022-05-20
24069,342,2022-05-20
24074,1160,2022-05-20
24080,54,2022-05-20
24082,148,2022-05-20
24084,194,2022-05-20
24102,577,2022-05-20
24123,614,2022-05-20
24126,591,2022-05-20
24129,125,2022-05-20
24146,987,2022-05-20
24147,229,2022-05-20
24160,602,2022-05-20
24165,79,2022-05-20
24166,70,2022-05-20
24170,68,2022-05-20
24172,121,2022-05-20
24185,5,2022-05-20
24192,1042,2022-05-20
24202,911,2022-05-20
24208,408,2022-05-20
24216,708,2022-05-20
24238,261,2022-05-20
24247,2,2022-05-20
24252,88,2022-05-20
24257,85,2022-05-20
24282,80,2022-05-20
24291,640,2022-05-20
24295,165,2022-05-20
24312,170,2022-05-20
24348,22,2022-05-20
24355,108,2022-05-20
24358,185,2022-05-20
24370,492,2022-05-20
24387,432,2022-05-20
24401,266,2022-05-20
24406,269,2022-05-20
24410,223,2022-05-20
24419,888,2022-05-20
24424,50,2022-05-20
24467,953,2022-05-20
24480,134,2022-05-21
24485,1313,2022-05-21
24508,155,2022-05-21
24509,1052,2022-05-21
24514,83,2022-05-21
24516,366,2022-05-21
24522,591,2022-05-21
24526,266,2022-05-21
24538,114,2022-05-21
24543,127,2022-05-21
24548,1375,2022-05-21
24549,108,2022-05-21
24554,471,2022-05-21
24561,219,2022-05-21
24565,1079,2022-05-21
24567,957,2022-05-21
24570,963,2022-05-21
24572,1200,2022-05-21
24576,811,2022-05-21
24582,573,2022-05-21
24583,1128,2022-05-21
24589,1073,2022-05-21
24591,1016,2022-05-21
24594,1362,2022-05-21
24598,1299,2022-05-21
24611,1172,2022-05-21
24613,601,2022-05-21
24632,203,2022-05-21
24634,685,2022-05-21
24649,320,2022-05-21
24656,1140,2022-05-21
24669,249,2022-05-21
24680,216,2022-05-22
24688,614,2022-05-22
24699,252,2022-05-22
24704,1265,2022-05-22
24710,1386,2022-05-22
24726,6,2022-05-22
24735,57,2022-05-22
24737,89,2022-05-22
24740,249,2022-05-22
24762,425,2022-05-22
24765,1063,2022-05-22
24769,1134,2022-05-23
24771,282,2022-05-23
24790,82,2022-05-23
24814,295,2022-05-23
24850,458,2022-05-23
24863,591,2022-05-23
24873,328,2022-05-23
24877,610,2022-05-23
24886,184,2022-05-23
24905,168,2022-05-23
24915,279,2022-05-23
24928,984,2022-05-23
24931,22,2022-05-23
24940,93,2022-05-23
24946,15,2022-05-23
24949,314,2022-05-23
24970,246,2022-05-23
24973,2,2022-05-23
24982,108,2022-05-23
24995,42,2022-05-23
25009,513,2022-05-23
25016,219,2022-05-23
25018,414,2022-05-23
25027,425,2022-05-23
25028,464,2022-05-23
25036,432,2022-05-23
25040,249,2022-05-23
25049,77,2022-05-23
25059,79,2022-05-23
25063,134,2022-05-23
25084,225,2022-05-23
25093,75,2022-05-23
25094,333,2022-05-23
25173,434,2022-05-23
25197,56,2022-05-23
25207,266,2022-05-23
25213,1412,2022-05-23
25223,30,2022-05-23
25237,426,2022-05-23
25273,1407,2022-05-24
25275,108,2022-05-24
25276,693,2022-05-24
25280,282,2022-05-24
25281,388,2022-05-24
25284,247,2022-05-24
25314,103,2022-05-24
25323,1030,2022-05-24
25324,236,2022-05-24
25328,1094,2022-05-24
25369,553,2022-05-24
25376,194,2022-05-24
25393,15,2022-05-24
25402,1198,2022-05-24
25404,614,2022-05-24
25419,507,2022-05-24
25430,80,2022-05-24
25433,93,2022-05-24
25438,56,2022-05-24
25441,140,2022-05-24
25445,244,2022-05-24
25463,234,2022-05-24
25473,661,2022-05-24
25474,142,2022-05-24
25501,2,2022-05-24
25506,42,2022-05-24
25518,718,2022-05-24
25520,446,2022-05-24
25523,5,2022-05-24
25525,382,2022-05-24
25527,496,2022-05-24
25592,68,2022-05-24
25601,313,2022-05-24
25622,886,2022-05-24
25624,233,2022-05-24
25626,261,2022-05-24
25644,102,2022-05-24
25652,158,2022-05-24
25664,436,2022-05-24
25671,30,2022-05-24
25734,69,2022-05-24
25762,124,2022-05-24
25768,1236,2022-05-24
25782,185,2022-05-25
25788,1244,2022-05-25
25789,330,2022-05-25
25790,864,2022-05-25
25793,1436,2022-05-25
25795,762,2022-05-25
25809,1010,2022-05-25
25812,16,2022-05-25
25816,1080,2022-05-25
25821,845,2022-05-25
25822,369,2022-05-25
25833,1418,2022-05-25
25837,24,2022-05-25
25841,1469,2022-05-25
25843,7,2022-05-25
25853,51,2022-05-25
25854,80,2022-05-25
25859,553,2022-05-25
25862,328,2022-05-25
25870,93,2022-05-25
25872,129,2022-05-25
25874,22,2022-05-25
25885,194,2022-05-25
25887,667,2022-05-25
25891,168,2022-05-25
25894,252,2022-05-25
25906,69,2022-05-25
25909,1420,2022-05-25
25910,36,2022-05-25
25918,231,2022-05-25
25919,295,2022-05-25
25930,2,2022-05-25
25941,493,2022-05-25
25945,47,2022-05-25
25949,12,2022-05-25
25975,163,2022-05-25
26003,148,2022-05-25
26006,106,2022-05-25
26014,112,2022-05-25
26070,1032,2022-05-25
26096,115,2022-05-25
26105,210,2022-05-25
26121,118,2022-05-25
26139,189,2022-05-25
26148,859,2022-05-25
26149,414,2022-05-25
26159,314,2022-05-25
26172,130,2022-05-25
26180,1072,2022-05-25
26183,13,2022-05-25
26221,30,2022-05-25
26233,57,2022-05-25
26234,77,2022-05-25
26246,187,2022-05-25
26250,678,2022-05-25
26260,776,2022-05-25
26261,134,2022-05-25
26264,233,2022-05-25
26278,332,2022-05-25
26306,76,2022-05-26
26319,12,2022-05-26
26328,380,2022-05-26
26330,702,2022-05-26
26343,1356,2022-05-26
26348,1219,2022-05-26
26372,265,2022-05-26
26379,1086,2022-05-26
26384,7,2022-05-26
26387,6,2022-05-26
26417,184,2022-05-26
26433,815,2022-05-26
26435,640,2022-05-26
26444,303,2022-05-26
26449,188,2022-05-26
26455,142,2022-05-26
26456,2,2022-05-26
26475,168,2022-05-26
26478,761,2022-05-26
26480,68,2022-05-26
26530,233,2022-05-26
26560,47,2022-05-26
26577,42,2022-05-26
26583,22,2022-05-26
26586,287,2022-05-26
26599,416,2022-05-26
26608,174,2022-05-26
26614,75,2022-05-26
26620,261,2022-05-26
26625,57,2022-05-26
26627,48,2022-05-26
26636,246,2022-05-26
26637,333,2022-05-26
26638,367,2022-05-26
26644,50,2022-05-26
26652,577,2022-05-26
26656,127,2022-05-26
26664,115,2022-05-26
26687,244,2022-05-26
26689,1431,2022-05-26
26695,1005,2022-05-26
26711,647,2022-05-26
26717,1187,2022-05-27
26718,132,2022-05-27
26747,12,2022-05-27
26749,200,2022-05-27
26756,121,2022-05-27
26772,224,2022-05-27
26778,682,2022-05-27
26785,7,2022-05-27
26806,894,2022-05-27
26817,688,2022-05-27
26830,11,2022-05-27
26837,292,2022-05-27
26844,1158,2022-05-27
26860,848,2022-05-27
26907,337,2022-05-27
26908,100,2022-05-27
26916,221,2022-05-27
26938,4,2022-05-27
26943,589,2022-05-27
26953,2,2022-05-27
26963,461,2022-05-27
26998,321,2022-05-27
27003,163,2022-05-27
27019,1336,2022-05-27
27039,168,2022-05-27
27106,13,2022-05-27
27117,135,2022-05-27
27122,57,2022-05-27
27154,75,2022-05-27
27218,521,2022-05-27
27244,134,2022-05-27
27246,338,2022-05-28
27259,521,2022-05-28
27260,529,2022-05-28
27305,535,2022-05-28
27308,672,2022-05-28
27313,59,2022-05-28
27326,2,2022-05-28
27335,1011,2022-05-28
27353,287,2022-05-28
27361,154,2022-05-28
27369,1239,2022-05-29
27374,1243,2022-05-29
27395,121,2022-05-29
27408,36,2022-05-29
27409,249,2022-05-29
27412,80,2022-05-29
27414,7,2022-05-29
27421,1318,2022-05-29
27425,1214,2022-05-29
27428,913,2022-05-29
27434,373,2022-05-29
27435,204,2022-05-29
27449,16,2022-05-29
27463,396,2022-05-30
27471,12,2022-05-30
27482,369,2022-05-30
27489,24,2022-05-30
27512,399,2022-05-30
27515,553,2022-05-30
27516,570,2022-05-30
27519,6,2022-05-30
27523,952,2022-05-30
27533,7,2022-05-30
27539,11,2022-05-30
27546,529,2022-05-30
27557,34,2022-05-30
27576,195,2022-05-30
27581,1410,2022-05-30
27597,626,2022-05-30
27605,425,2022-05-30
27634,1428,2022-05-30
27645,759,2022-05-30
27669,761,2022-05-30
27673,42,2022-05-30
27678,323,2022-05-30
27680,159,2022-05-30
27698,110,2022-05-30
27722,185,2022-05-30
27726,60,2022-05-30
27733,118,2022-05-30
27742,285,2022-05-30
27745,1191,2022-05-30
27748,25,2022-05-30
27750,5,2022-05-30
27753,168,2022-05-30
27764,841,2022-05-30
27785,1068,2022-05-30
27810,980,2022-05-30
27814,2,2022-05-30
27819,734,2022-05-30
27828,106,2022-05-30
27847,75,2022-05-30
27871,482,2022-05-30
27878,955,2022-05-30
27914,1296,2022-05-30
27915,108,2022-05-30
27918,59,2022-05-30
27925,603,2022-05-30
27926,1278,2022-05-30
27956,1520,2022-05-31
27960,35,2022-05-31
27976,1233,2022-05-31
27980,19,2022-05-31
27991,1026,2022-05-31
28004,16,2022-05-31
28005,529,2022-05-31
28013,68,2022-05-31
28058,80,2022-05-31
28071,111,2022-05-31
28073,1471,2022-05-31
28079,285,2022-05-31
28084,211,2022-05-31
28086,12,2022-05-31
28094,388,2022-05-31
28108,323,2022-05-31
28111,11,2022-05-31
28131,342,2022-05-31
28146,119,2022-05-31
28147,491,2022-05-31
28156,554,2022-05-31
28162,1157,2022-05-31
28167,1127,2022-05-31
28175,7,2022-05-31
28176,676,2022-05-31
28177,4,2022-05-31
28180,1039,2022-05-31
28185,6,2022-05-31
28195,121,2022-05-31
28215,50,2022-05-31
28217,106,2022-05-31
28220,206,2022-05-31
28231,162,2022-05-31
28248,730,2022-05-31
28256,69,2022-05-31
28260,77,2022-05-31
28278,42,2022-05-31
28281,5,2022-05-31
28287,321,2022-05-31
28316,132,2022-05-31
28328,57,2022-05-31
28347,47,2022-05-31
28360,405,2022-05-31
28364,425,2022-05-31
28369,2,2022-05-31
28377,46,2022-05-31
28386,981,2022-05-31
28401,187,2022-05-31
28449,168,2022-05-31
28455,555,2022-05-31
28462,280,2022-05-31
28478,719,2022-05-31
28534,696,2022-05-31
28544,1175,2022-05-31
28549,108,2022-05-31
28556,76,2022-05-31
28569,878,2022-06-01
28572,930,2022-06-01
28573,33,2022-06-01
28578,529,2022-06-01
28580,399,2022-06-01
28583,292,2022-06-01
28585,11,2022-06-01
28594,658,2022-06-01
28619,12,2022-06-01
28626,34,2022-06-01
28640,880,2022-06-01
28645,5,2022-06-01
28663,40,2022-06-01
28671,328,2022-06-01
28676,6,2022-06-01
28678,1148,2022-06-01
28699,314,2022-06-01
28723,402,2022-06-01
28740,159,2022-06-01
28745,342,2022-06-01
28755,210,2022-06-01
28761,405,2022-06-01
28764,316,2022-06-01
28773,295,2022-06-01
28806,178,2022-06-01
28822,50,2022-06-01
28826,542,2022-06-01
28837,75,2022-06-01
28845,1422,2022-06-01
28853,162,2022-06-01
28860,163,2022-06-01
28871,571,2022-06-01
28881,1036,2022-06-01
28892,187,2022-06-01
28904,213,2022-06-01
28905,765,2022-06-01
28907,108,2022-06-01
28911,1382,2022-06-01
28926,1381,2022-06-01
28932,708,2022-06-01
28934,20,2022-06-01
28938,68,2022-06-01
28942,48,2022-06-01
28943,1067,2022-06-01
28951,269,2022-06-01
28953,56,2022-06-01
28957,325,2022-06-01
28965,306,2022-06-01
28972,65,2022-06-01
28974,225,2022-06-01
29027,879,2022-06-01
29028,132,2022-06-01
29042,170,2022-06-01
29047,12,2022-06-02
29051,325,2022-06-02
29057,57,2022-06-02
29065,161,2022-06-02
29071,15,2022-06-02
29082,827,2022-06-02
29083,247,2022-06-02
29089,103,2022-06-02
29095,496,2022-06-02
29099,7,2022-06-02
29115,801,2022-06-02
29118,1054,2022-06-02
29131,476,2022-06-02
29138,164,2022-06-02
29139,351,2022-06-02
29146,708,2022-06-02
29149,93,2022-06-02
29151,614,2022-06-02
29162,110,2022-06-02
29163,33,2022-06-02
29191,231,2022-06-02
29198,178,2022-06-02
29208,1149,2022-06-02
29213,288,2022-06-02
29218,285,2022-06-02
29222,60,2022-06-02
29239,108,2022-06-02
29252,313,2022-06-02
29274,65,2022-06-02
29299,56,2022-06-02
29314,158,2022-06-02
29323,405,2022-06-02
29326,68,2022-06-02
29328,75,2022-06-02
29349,913,2022-06-02
29357,269,2022-06-02
29365,471,2022-06-02
29377,718,2022-06-02
29399,1235,2022-06-02
29408,167,2022-06-02
29412,794,2022-06-02
29421,205,2022-06-02
29472,1130,2022-06-02
29491,33,2022-06-03
29509,399,2022-06-03
29516,887,2022-06-03
29519,7,2022-06-03
29521,758,2022-06-03
29524,351,2022-06-03
29526,13,2022-06-03
29541,15,2022-06-03
29559,386,2022-06-03
29561,110,2022-06-03
29569,34,2022-06-03
29578,750,2022-06-03
29591,1086,2022-06-03
29595,232,2022-06-03
29619,93,2022-06-03
29620,1075,2022-06-03
29621,285,2022-06-03
29623,68,2022-06-03
29633,6,2022-06-03
29638,221,2022-06-03
29682,204,2022-06-03
29693,119,2022-06-03
29697,880,2022-06-03
29700,230,2022-06-03
29703,20,2022-06-03
29710,187,2022-06-03
29711,24,2022-06-03
29713,109,2022-06-03
29719,640,2022-06-03
29744,482,2022-06-03
29750,514,2022-06-03
29755,57,2022-06-03
29757,36,2022-06-03
29781,1110,2022-06-03
29790,108,2022-06-03
29804,158,2022-06-03
29808,830,2022-06-03
29814,463,2022-06-03
29826,1005,2022-06-03
29841,130,2022-06-03
29859,115,2022-06-03
29892,420,2022-06-03
29902,2,2022-06-03
29914,1461,2022-06-03
29919,460,2022-06-03
29927,1353,2022-06-04
29936,6,2022-06-04
29940,211,2022-06-04
29974,1038,2022-06-04
29986,1440,2022-06-05
29991,363,2022-06-05
29997,119,2022-06-05
29999,1008,2022-06-05
30005,404,2022-06-05
30013,115,2022-06-05
30021,813,2022-06-05
30022,204,2022-06-05
30025,54,2022-06-05
30032,830,2022-06-05
30044,68,2022-06-05
30073,471,2022-06-05
30080,57,2022-06-05
30083,36,2022-06-05
30102,145,2022-06-06
30106,525,2022-06-06
30127,13,2022-06-06
30130,33,2022-06-06
30140,962,2022-06-06
30144,4,2022-06-06
30150,665,2022-06-06
30164,1176,2022-06-06
30165,24,2022-06-06
30176,68,2022-06-06
30203,285,2022-06-06
30209,227,2022-06-06
30220,155,2022-06-06
30223,96,2022-06-06
30250,52,2022-06-06
30259,12,2022-06-06
30273,323,2022-06-06
30285,402,2022-06-06
30301,221,2022-06-06
30309,15,2022-06-06
30323,166,2022-06-06
30331,36,2022-06-06
30335,22,2022-06-06
30339,184,2022-06-06
30368,231,2022-06-06
30376,149,2022-06-06
30381,154,2022-06-06
30383,77,2022-06-06
30387,206,2022-06-06
30389,65,2022-06-06
30394,534,2022-06-06
30421,30,2022-06-06
30425,230,2022-06-06
30437,246,2022-06-06
30450,382,2022-06-06
30455,102,2022-06-06
30458,42,2022-06-06
30460,263,2022-06-06
30469,41,2022-06-06
30474,261,2022-06-06
30496,25,2022-06-06
30501,215,2022-06-06
30503,158,2022-06-06
30525,57,2022-06-06
30572,149,2022-06-07
30584,553,2022-06-07
30586,40,2022-06-07
30601,1446,2022-06-07
30617,7,2022-06-07
30618,168,2022-06-07
30620,15,2022-06-07
30628,119,2022-06-07
30630,4,2022-06-07
30636,6,2022-06-07
30638,1034,2022-06-07
30646,110,2022-06-07
30647,351,2022-06-07
30660,136,2022-06-07
30666,508,2022-06-07
30674,672,2022-06-07
30676,329,2022-06-07
30677,1394,2022-06-07
30679,227,2022-06-07
30683,285,2022-06-07
30689,399,2022-06-07
30690,402,2022-06-07
30693,209,2022-06-07
30695,682,2022-06-07
30698,164,2022-06-07
30699,988,2022-06-07
30701,115,2022-06-07
30713,380,2022-06-07
30719,252,2022-06-07
30729,472,2022-06-07
30731,184,2022-06-07
30761,121,2022-06-07
30767,221,2022-06-07
30781,315,2022-06-07
30784,262,2022-06-07
30788,93,2022-06-07
30791,323,2022-06-07
30792,288,2022-06-07
30796,907,2022-06-07
30811,108,2022-06-07
30825,80,2022-06-07
30833,89,2022-06-07
30834,998,2022-06-07
30835,789,2022-06-07
30845,2,2022-06-07
30859,118,2022-06-07
30863,1515,2022-06-07
30872,48,2022-06-07
30873,244,2022-06-07
30875,282,2022-06-07
30877,120,2022-06-07
30881,185,2022-06-07
30884,390,2022-06-07
30892,17,2022-06-07
30924,1094,2022-06-07
30940,65,2022-06-07
30952,1165,2022-06-07
30969,13,2022-06-07
30977,287,2022-06-07
30990,733,2022-06-07
31005,42,2022-06-07
31023,158,2022-06-07
31060,253,2022-06-07
31063,830,2022-06-07
31068,77,2022-06-07
31085,458,2022-06-07
31102,301,2022-06-07
31117,165,2022-06-07
31122,172,2022-06-07
31134,303,2022-06-08
31164,40,2022-06-08
31168,1025,2022-06-08
31171,388,2022-06-08
31175,1462,2022-06-08
31177,1351,2022-06-08
31191,11,2022-06-08
31210,390,2022-06-08
31217,15,2022-06-08
31226,1460,2022-06-08
31236,7,2022-06-08
31237,301,2022-06-08
31239,168,2022-06-08
31243,553,2022-06-08
31245,80,2022-06-08
31250,672,2022-06-08
31255,429,2022-06-08
31261,285,2022-06-08
31271,821,2022-06-08
31280,61,2022-06-08
31294,159,2022-06-08
31305,33,2022-06-08
31306,98,2022-06-08
31309,119,2022-06-08
31311,657,2022-06-08
31312,121,2022-06-08
31326,317,2022-06-08
31363,747,2022-06-08
31395,85,2022-06-08
31406,809,2022-06-08
31407,221,2022-06-08
31421,397,2022-06-08
31423,93,2022-06-08
31425,328,2022-06-08
31426,382,2022-06-08
31433,377,2022-06-08
31443,137,2022-06-08
31446,46,2022-06-08
31466,68,2022-06-08
31467,75,2022-06-08
31490,425,2022-06-08
31511,2,2022-06-08
31514,919,2022-06-08
31517,13,2022-06-08
31537,42,2022-06-08
31547,108,2022-06-08
31548,57,2022-06-08
31550,36,2022-06-08
31559,253,2022-06-08
31567,655,2022-06-08
31575,89,2022-06-08
31593,134,2022-06-08
31599,206,2022-06-08
31617,118,2022-06-08
31623,979,2022-06-08
31625,172,2022-06-08
31630,246,2022-06-08
31634,718,2022-06-08
31636,63,2022-06-08
31642,332,2022-06-08
31646,142,2022-06-08
31668,184,2022-06-08
31679,619,2022-06-08
31688,1339,2022-06-08
31711,165,2022-06-08
31731,158,2022-06-08
31764,163,2022-06-08
31789,154,2022-06-09
31800,12,2022-06-09
31802,40,2022-06-09
31821,587,2022-06-09
31832,33,2022-06-09
31840,833,2022-06-09
31841,973,2022-06-09
31859,108,2022-06-09
31867,1377,2022-06-09
31869,549,2022-06-09
31876,623,2022-06-09
31893,534,2022-06-09
31894,262,2022-06-09
31905,315,2022-06-09
31909,785,2022-06-09
31911,390,2022-06-09
31913,841,2022-06-09
31915,69,2022-06-09
31961,508,2022-06-09
31966,214,2022-06-09
31979,1207,2022-06-09
31997,192,2022-06-09
32002,210,2022-06-09
32013,706,2022-06-09
32039,377,2022-06-09
32040,1319,2022-06-09
32065,1330,2022-06-09
32070,1159,2022-06-09
32074,207,2022-06-09
32075,263,2022-06-09
32077,323,2022-06-09
32084,245,2022-06-09
32092,65,2022-06-09
32104,68,2022-06-09
32113,101,2022-06-09
32124,747,2022-06-09
32132,648,2022-06-09
32143,34,2022-06-09
32216,417,2022-06-09
32218,2,2022-06-09
32222,1155,2022-06-09
32226,57,2022-06-09
32232,777,2022-06-09
32265,206,2022-06-09
32312,42,2022-06-09
32316,496,2022-06-09
32355,718,2022-06-09
32371,611,2022-06-09
32381,287,2022-06-09
32387,163,2022-06-09
32417,269,2022-06-09
32461,137,2022-06-09
32474,623,2022-06-10
32475,125,2022-06-10
32489,33,2022-06-10
32491,978,2022-06-10
32493,665,2022-06-10
32494,11,2022-06-10
32503,204,2022-06-10
32510,1310,2022-06-10
32511,281,2022-06-10
32513,15,2022-06-10
32524,227,2022-06-10
32530,781,2022-06-10
32531,786,2022-06-10
32535,108,2022-06-10
32538,689,2022-06-10
32540,6,2022-06-10
32543,1260,2022-06-10
32545,40,2022-06-10
32550,24,2022-06-10
32565,12,2022-06-10
32568,98,2022-06-10
32577,1289,2022-06-10
32581,88,2022-06-10
32585,674,2022-06-10
32589,5,2022-06-10
32594,115,2022-06-10
32604,93,2022-06-10
32614,172,2022-06-10
32638,831,2022-06-10
32643,622,2022-06-10
32662,372,2022-06-10
32667,382,2022-06-10
32669,78,2022-06-10
32676,1090,2022-06-10
32693,46,2022-06-10
32698,2,2022-06-10
32750,3,2022-06-10
32759,134,2022-06-10
32789,178,2022-06-10
32795,425,2022-06-10
32801,30,2022-06-10
32812,460,2022-06-10
32815,1050,2022-06-10
32820,65,2022-06-10
32828,179,2022-06-10
32831,519,2022-06-10
32839,189,2022-06-10
32865,420,2022-06-10
32869,166,2022-06-10
32895,42,2022-06-10
32948,883,2022-06-10
32956,25,2022-06-10
33011,458,2022-06-10
33026,57,2022-06-10
33040,40,2022-06-11
33049,527,2022-06-11
33050,285,2022-06-11
33062,1451,2022-06-11
33063,1485,2022-06-11
33065,226,2022-06-11
33078,28,2022-06-11
33083,184,2022-06-11
33087,623,2022-06-11
33100,185,2022-06-11
33124,89,2022-06-11
33146,13,2022-06-12
33147,68,2022-06-12
33148,7,2022-06-12
33189,110,2022-06-12
33211,885,2022-06-12
33216,51,2022-06-12
33231,124,2022-06-12
33240,622,2022-06-12
33243,204,2022-06-12
33251,1453,2022-06-13
33261,399,2022-06-13
33262,1035,2022-06-13
33264,6,2022-06-13
33269,229,2022-06-13
33272,28,2022-06-13
33275,781,2022-06-13
33280,1055,2022-06-13
33281,1046,2022-06-13
33285,68,2022-06-13
33286,473,2022-06-13
33289,121,2022-06-13
33294,61,2022-06-13
33307,98,2022-06-13
33422,115,2022-06-13
33433,192,2022-06-13
33450,318,2022-06-13
33464,54,2022-06-13
33466,80,2022-06-13
33480,314,2022-06-13
33482,36,2022-06-13
33485,12,2022-06-13
33498,425,2022-06-13
33521,974,2022-06-13
33523,110,2022-06-13
33526,1118,2022-06-13
33539,1076,2022-06-13
33559,2,2022-06-13
33572,79,2022-06-13
33591,788,2022-06-13
33592,188,2022-06-13
33603,25,2022-06-13
33610,1123,2022-06-13
33615,841,2022-06-13
33624,234,2022-06-13
33629,13,2022-06-13
33631,414,2022-06-13
33641,33,2022-06-13
33643,333,2022-06-13
33646,215,2022-06-13
33648,187,2022-06-13
33651,147,2022-06-13
33665,158,2022-06-13
33680,56,2022-06-13
33681,288,2022-06-13
33688,659,2022-06-13
33700,134,2022-06-13
33701,207,2022-06-13
33702,405,2022-06-13
33713,59,2022-06-13
33720,259,2022-06-13
33739,42,2022-06-13
33743,332,2022-06-13
33751,163,2022-06-13
33780,447,2022-06-13
33784,935,2022-06-13
33816,436,2022-06-13
33817,246,2022-06-13
33831,108,2022-06-13
33837,1114,2022-06-13
33843,550,2022-06-13
33906,77,2022-06-13
33915,124,2022-06-13
33953,882,2022-06-13
33960,549,2022-06-14
33961,108,2022-06-14
33968,737,2022-06-14
33970,1001,2022-06-14
33972,417,2022-06-14
33973,1271,2022-06-14
33985,251,2022-06-14
33994,399,2022-06-14
33997,125,2022-06-14
34002,380,2022-06-14
34003,110,2022-06-14
34008,61,2022-06-14
34011,24,2022-06-14
34031,121,2022-06-14
34035,184,2022-06-14
34065,15,2022-06-14
34066,33,2022-06-14
34080,6,2022-06-14
34083,57,2022-06-14
34088,342,2022-06-14
34094,1190,2022-06-14
34146,207,2022-06-14
34150,2,2022-06-14
34151,226,2022-06-14
34152,198,2022-06-14
34165,230,2022-06-14
34169,68,2022-06-14
34173,59,2022-06-14
34178,48,2022-06-14
34186,346,2022-06-14
34195,65,2022-06-14
34214,185,2022-06-14
34237,83,2022-06-14
34258,1144,2022-06-14
34263,910,2022-06-14
34266,287,2022-06-14
34287,309,2022-06-14
34292,316,2022-06-14
34304,42,2022-06-14
34306,115,2022-06-14
34333,77,2022-06-14
34362,89,2022-06-14
34392,75,2022-06-14
34409,458,2022-06-14
34410,109,2022-06-14
34441,878,2022-06-14
34455,178,2022-06-14
34456,1220,2022-06-14
34470,158,2022-06-14
34481,797,2022-06-14
34491,105,2022-06-14
34492,356,2022-06-14
34543,332,2022-06-15
34550,287,2022-06-15
34566,399,2022-06-15
34570,904,2022-06-15
34582,665,2022-06-15
34589,119,2022-06-15
34595,12,2022-06-15
34597,158,2022-06-15
34602,586,2022-06-15
34609,300,2022-06-15
34614,6,2022-06-15
34616,148,2022-06-15
34627,284,2022-06-15
34631,921,2022-06-15
34635,1001,2022-06-15
34639,28,2022-06-15
34657,259,2022-06-15
34661,386,2022-06-15
34664,121,2022-06-15
34672,125,2022-06-15
34681,1277,2022-06-15
34685,168,2022-06-15
34687,971,2022-06-15
34690,841,2022-06-15
34696,126,2022-06-15
34701,1419,2022-06-15
34731,257,2022-06-15
34734,131,2022-06-15
34738,108,2022-06-15
34748,1056,2022-06-15
34755,920,2022-06-15
34767,285,2022-06-15
34802,69,2022-06-15
34803,57,2022-06-15
34817,137,2022-06-15
34828,288,2022-06-15
34848,361,2022-06-15
34870,188,2022-06-15
34891,118,2022-06-15
34902,425,2022-06-15
34910,540,2022-06-15
34959,207,2022-06-15
34976,134,2022-06-15
35001,246,2022-06-15
35091,711,2022-06-15
35108,369,2022-06-16
35113,1328,2022-06-16
35116,820,2022-06-16
35123,672,2022-06-16
35124,1228,2022-06-16
35133,969,2022-06-16
35136,1511,2022-06-16
35139,737,2022-06-16
35143,1249,2022-06-16
35147,795,2022-06-16
35177,24,2022-06-16
35178,1432,2022-06-16
35181,15,2022-06-16
35185,1480,2022-06-16
35187,1504,2022-06-16
35189,650,2022-06-16
35194,822,2022-06-16
35196,228,2022-06-16
35221,12,2022-06-16
35224,98,2022-06-16
35231,594,2022-06-16
35237,68,2022-06-16
35254,423,2022-06-16
35255,407,2022-06-16
35262,352,2022-06-16
35266,844,2022-06-16
35281,290,2022-06-16
35285,1099,2022-06-16
35295,284,2022-06-16
35325,490,2022-06-16
35344,65,2022-06-16
35348,253,2022-06-16
35361,115,2022-06-16
35362,142,2022-06-16
35363,435,2022-06-16
35378,576,2022-06-16
35400,57,2022-06-16
35411,998,2022-06-16
35417,1057,2022-06-16
35438,540,2022-06-16
35463,163,2022-06-16
35484,223,2022-06-16
35488,964,2022-06-16
35497,565,2022-06-16
35501,13,2022-06-16
35509,622,2022-06-16
35533,56,2022-06-16
35545,594,2022-06-17
35546,134,2022-06-17
35556,398,2022-06-17
35561,517,2022-06-17
35569,61,2022-06-17
35570,614,2022-06-17
35584,587,2022-06-17
35588,110,2022-06-17
35620,24,2022-06-17
35622,6,2022-06-17
35633,168,2022-06-17
35644,449,2022-06-17
35660,209,2022-06-17
35667,45,2022-06-17
35669,198,2022-06-17
35672,399,2022-06-17
35675,271,2022-06-17
35681,816,2022-06-17
35689,192,2022-06-17
35692,697,2022-06-17
35694,363,2022-06-17
35729,79,2022-06-17
35739,724,2022-06-17
35741,1215,2022-06-17
35744,101,2022-06-17
35749,42,2022-06-17
35764,446,2022-06-17
35767,288,2022-06-17
35783,93,2022-06-17
35790,312,2022-06-17
35803,163,2022-06-17
35820,115,2022-06-17
35858,182,2022-06-17
35868,435,2022-06-17
35872,1408,2022-06-17
35875,897,2022-06-17
35892,1015,2022-06-17
35907,719,2022-06-17
35912,720,2022-06-17
35914,2,2022-06-17
35930,145,2022-06-17
35931,20,2022-06-17
35932,13,2022-06-17
35936,946,2022-06-17
35956,59,2022-06-17
35957,877,2022-06-17
35982,309,2022-06-17
36006,41,2022-06-17
36053,291,2022-06-17
36066,1305,2022-06-18
36078,363,2022-06-18
36082,15,2022-06-18
36083,227,2022-06-18
36087,686,2022-06-18
36090,1423,2022-06-18
36091,793,2022-06-18
36109,168,2022-06-18
36115,59,2022-06-18
36148,7,2022-06-19
36151,707,2022-06-19
36155,71,2022-06-19
36160,6,2022-06-19
36162,1501,2022-06-19
36163,1119,2022-06-19
36167,923,2022-06-19
36168,285,2022-06-19
36170,406,2022-06-19
36176,304,2022-06-20
36179,48,2022-06-20
36183,398,2022-06-20
36195,720,2022-06-20
36215,517,2022-06-20
36229,1424,2022-06-20
36235,1014,2022-06-20
36237,1474,2022-06-20
36242,1455,2022-06-20
36243,22,2022-06-20
36245,369,2022-06-20
36262,172,2022-06-20
36264,51,2022-06-20
36274,257,2022-06-20
36286,24,2022-06-20
36304,335,2022-06-20
36307,778,2022-06-20
36312,604,2022-06-20
36315,724,2022-06-20
36319,402,2022-06-20
36345,771,2022-06-20
36350,6,2022-06-20
36356,703,2022-06-20
36366,406,2022-06-20
36380,962,2022-06-20
36387,110,2022-06-20
36388,923,2022-06-20
36390,1031,2022-06-20
36407,576,2022-06-20
36416,44,2022-06-20
36422,240,2022-06-20
36433,80,2022-06-20
36438,108,2022-06-20
36440,221,2022-06-20
36441,34,2022-06-20
36452,42,2022-06-20
36454,149,2022-06-20
36457,25,2022-06-20
36458,232,2022-06-20
36464,333,2022-06-20
36478,115,2022-06-20
36491,2,2022-06-20
36496,1139,2022-06-20
36517,587,2022-06-20
36528,207,2022-06-20
36553,382,2022-06-20
36585,223,2022-06-20
36590,436,2022-06-20
36597,744,2022-06-20
36600,165,2022-06-20
36612,536,2022-06-21
36615,168,2022-06-21
36623,201,2022-06-21
36631,33,2022-06-21
36634,257,2022-06-21
36635,125,2022-06-21
36642,12,2022-06-21
36648,1171,2022-06-21
36651,517,2022-06-21
36654,587,2022-06-21
36666,351,2022-06-21
36672,228,2022-06-21
36673,642,2022-06-21
36675,301,2022-06-21
36677,703,2022-06-21
36703,110,2022-06-21
36707,745,2022-06-21
36711,1183,2022-06-21
36764,663,2022-06-21
36768,312,2022-06-21
36772,79,2022-06-21
36795,227,2022-06-21
36806,112,2022-06-21
36809,119,2022-06-21
36817,6,2022-06-21
36832,2,2022-06-21
36838,707,2022-06-21
36841,45,2022-06-21
36852,1105,2022-06-21
36854,405,2022-06-21
36862,1124,2022-06-21
36876,142,2022-06-21
36888,108,2022-06-21
36894,731,2022-06-21
36902,85,2022-06-21
36923,711,2022-06-21
36924,56,2022-06-21
36935,106,2022-06-21
36939,1107,2022-06-21
36950,22,2022-06-21
36955,20,2022-06-21
37032,68,2022-06-21
37064,1197,2022-06-21
37076,51,2022-06-21
37119,889,2022-06-21
37138,713,2022-06-21
37152,48,2022-06-21
37160,158,2022-06-21
