,ACCOUNT_ID,TIMESTAMP,visited_week_index
0,83,2022-03-15,0
13,24,2022-03-15,0
18,31,2022-03-15,0
41,156,2022-03-15,0
47,15,2022-03-15,0
56,1447,2022-03-15,0
58,538,2022-03-15,0
61,351,2022-03-15,0
66,184,2022-03-15,0
86,624,2022-03-15,0
94,103,2022-03-15,0
100,1206,2022-03-15,0
109,828,2022-03-15,0
111,80,2022-03-15,0
122,44,2022-03-15,0
168,637,2022-03-15,0
170,34,2022-03-15,0
171,77,2022-03-15,0
175,273,2022-03-15,0
228,108,2022-03-15,0
240,1208,2022-03-15,0
242,42,2022-03-15,0
247,246,2022-03-15,0
251,54,2022-03-15,0
253,160,2022-03-15,0
260,242,2022-03-15,0
283,394,2022-03-15,0
285,528,2022-03-15,0
293,968,2022-03-15,0
296,217,2022-03-15,0
304,1048,2022-03-15,0
320,68,2022-03-15,0
340,1045,2022-03-15,0
346,75,2022-03-15,0
399,940,2022-03-15,0
400,56,2022-03-15,0
405,551,2022-03-15,0
423,53,2022-03-15,0
424,575,2022-03-15,0
438,1355,2022-03-16,0
450,125,2022-03-16,0
458,1499,2022-03-16,0
463,993,2022-03-16,0
468,12,2022-03-16,0
482,1506,2022-03-16,0
485,828,2022-03-16,0
493,856,2022-03-16,0
499,629,2022-03-16,0
501,80,2022-03-16,0
510,184,2022-03-16,0
518,700,2022-03-16,0
521,93,2022-03-16,0
526,384,2022-03-16,0
530,5,2022-03-16,0
543,1378,2022-03-16,0
548,1516,2022-03-16,0
554,17,2022-03-16,0
558,624,2022-03-16,0
559,581,2022-03-16,0
560,34,2022-03-16,0
572,956,2022-03-16,0
584,7,2022-03-16,0
609,823,2022-03-16,0
620,198,2022-03-16,0
625,42,2022-03-16,0
636,108,2022-03-16,0
643,101,2022-03-16,0
660,168,2022-03-16,0
680,121,2022-03-16,0
686,253,2022-03-16,0
688,1322,2022-03-16,0
697,710,2022-03-16,0
701,31,2022-03-16,0
717,458,2022-03-16,0
729,53,2022-03-16,0
756,68,2022-03-16,0
764,44,2022-03-16,0
903,629,2022-03-17,0
910,388,2022-03-17,0
911,11,2022-03-17,0
918,1272,2022-03-17,0
923,168,2022-03-17,0
929,10,2022-03-17,0
931,593,2022-03-17,0
932,12,2022-03-17,0
945,1454,2022-03-17,0
965,7,2022-03-17,0
975,125,2022-03-17,0
980,209,2022-03-17,0
983,80,2022-03-17,0
998,1409,2022-03-17,0
1013,248,2022-03-17,0
1023,212,2022-03-17,0
1064,108,2022-03-17,0
1065,184,2022-03-17,0
1066,162,2022-03-17,0
1070,221,2022-03-17,0
1085,528,2022-03-17,0
1087,823,2022-03-17,0
1114,914,2022-03-17,0
1115,780,2022-03-17,0
1120,216,2022-03-17,0
1126,307,2022-03-17,0
1142,20,2022-03-17,0
1149,34,2022-03-17,0
1157,1281,2022-03-17,0
1160,198,2022-03-17,0
1171,115,2022-03-17,0
1173,106,2022-03-17,0
1177,234,2022-03-17,0
1179,231,2022-03-17,0
1196,127,2022-03-17,0
1204,54,2022-03-17,0
1217,50,2022-03-17,0
1236,420,2022-03-17,0
1247,75,2022-03-17,0
1266,496,2022-03-17,0
1280,223,2022-03-17,0
1345,269,2022-03-17,0
1349,1033,2022-03-17,0
1352,24,2022-03-18,0
1354,12,2022-03-18,0
1360,7,2022-03-18,0
1361,125,2022-03-18,0
1391,248,2022-03-18,0
1396,68,2022-03-18,0
1410,960,2022-03-18,0
1415,93,2022-03-18,0
1426,796,2022-03-18,0
1430,53,2022-03-18,0
1439,342,2022-03-18,0
1444,20,2022-03-18,0
1475,397,2022-03-18,0
1498,528,2022-03-18,0
1519,88,2022-03-18,0
1523,167,2022-03-18,0
1538,83,2022-03-18,0
1547,50,2022-03-18,0
1558,108,2022-03-18,0
1569,42,2022-03-18,0
1594,57,2022-03-18,0
1596,269,2022-03-18,0
1631,275,2022-03-19,0
1638,908,2022-03-19,0
1660,843,2022-03-19,0
1671,741,2022-03-19,0
1676,580,2022-03-20,0
1678,1195,2022-03-20,0
1679,732,2022-03-20,0
1686,273,2022-03-20,0
1732,168,2022-03-20,0
1781,1182,2022-03-20,0
1794,607,2022-03-21,0
1795,7,2022-03-21,0
1796,53,2022-03-21,0
1801,11,2022-03-21,0
1816,652,2022-03-21,0
1818,184,2022-03-21,0
1823,192,2022-03-21,0
1829,665,2022-03-21,0
1831,80,2022-03-21,0
1837,483,2022-03-21,0
1841,562,2022-03-21,0
1842,15,2022-03-21,0
1859,44,2022-03-21,0
1861,568,2022-03-21,0
1870,195,2022-03-21,0
1876,93,2022-03-21,0
1892,474,2022-03-21,0
1895,624,2022-03-21,0
1934,388,2022-03-21,0
1939,34,2022-03-21,0
1950,130,2022-03-21,0
1966,2,2022-03-21,0
1972,121,2022-03-21,0
2012,1403,2022-03-21,0
2013,25,2022-03-21,0
2024,51,2022-03-21,0
2029,127,2022-03-21,0
2032,1404,2022-03-21,0
2045,115,2022-03-21,0
2052,502,2022-03-21,0
2062,106,2022-03-21,0
2082,1256,2022-03-21,0
2090,65,2022-03-21,0
2118,854,2022-03-21,0
2122,42,2022-03-21,0
2134,458,2022-03-21,0
2138,753,2022-03-21,0
2162,108,2022-03-21,0
2188,743,2022-03-22,1
2202,1150,2022-03-22,1
2203,24,2022-03-22,1
2206,614,2022-03-22,1
2208,480,2022-03-22,1
2217,200,2022-03-22,1
2219,829,2022-03-22,1
2221,51,2022-03-22,1
2222,872,2022-03-22,1
2223,110,2022-03-22,1
2227,609,2022-03-22,1
2231,605,2022-03-22,1
2244,80,2022-03-22,1
2249,89,2022-03-22,1
2258,5,2022-03-22,1
2267,85,2022-03-22,1
2288,388,2022-03-22,1
2290,194,2022-03-22,1
2298,1255,2022-03-22,1
2299,780,2022-03-22,1
2341,79,2022-03-22,1
2352,198,2022-03-22,1
2353,736,2022-03-22,1
2360,285,2022-03-22,1
2363,184,2022-03-22,1
2368,101,2022-03-22,1
2375,34,2022-03-22,1
2380,77,2022-03-22,1
2394,42,2022-03-22,1
2401,2,2022-03-22,1
2409,817,2022-03-22,1
2412,209,2022-03-22,1
2421,1113,2022-03-22,1
2427,57,2022-03-22,1
2455,1470,2022-03-22,1
2456,1135,2022-03-22,1
2471,618,2022-03-22,1
2474,15,2022-03-22,1
2477,25,2022-03-22,1
2499,253,2022-03-22,1
2505,108,2022-03-22,1
2524,144,2022-03-22,1
2542,68,2022-03-22,1
2569,423,2022-03-22,1
2588,76,2022-03-22,1
2602,766,2022-03-22,1
2615,215,2022-03-22,1
2627,109,2022-03-22,1
2638,20,2022-03-22,1
2649,31,2022-03-22,1
2680,127,2022-03-22,1
2697,121,2022-03-22,1
2719,206,2022-03-22,1
2725,50,2022-03-22,1
2741,65,2022-03-22,1
2749,124,2022-03-22,1
2766,1049,2022-03-22,1
2775,181,2022-03-23,1
2916,388,2022-03-23,1
2924,895,2022-03-23,1
2927,780,2022-03-23,1
2928,1415,2022-03-23,1
2941,483,2022-03-23,1
2952,567,2022-03-23,1
2958,1182,2022-03-23,1
2961,171,2022-03-23,1
2975,125,2022-03-23,1
2980,85,2022-03-23,1
3016,184,2022-03-23,1
3023,121,2022-03-23,1
3025,126,2022-03-23,1
3028,54,2022-03-23,1
3030,46,2022-03-23,1
3052,12,2022-03-23,1
3053,482,2022-03-23,1
3061,397,2022-03-23,1
3062,773,2022-03-23,1
3071,51,2022-03-23,1
3117,868,2022-03-23,1
3125,42,2022-03-23,1
3126,115,2022-03-23,1
3157,77,2022-03-23,1
3162,393,2022-03-23,1
3174,716,2022-03-23,1
3179,1437,2022-03-23,1
3189,162,2022-03-23,1
3190,893,2022-03-23,1
3193,1438,2022-03-23,1
3209,1387,2022-03-23,1
3229,5,2022-03-23,1
3231,20,2022-03-23,1
3242,76,2022-03-23,1
3243,652,2022-03-23,1
3247,178,2022-03-23,1
3255,108,2022-03-23,1
3270,65,2022-03-23,1
3285,223,2022-03-23,1
3301,653,2022-03-23,1
3312,242,2022-03-23,1
3317,140,2022-03-23,1
3325,1112,2022-03-23,1
3347,902,2022-03-24,1
3348,24,2022-03-24,1
3356,1293,2022-03-24,1
3360,509,2022-03-24,1
3384,12,2022-03-24,1
3397,168,2022-03-24,1
3403,792,2022-03-24,1
3407,990,2022-03-24,1
3414,110,2022-03-24,1
3417,121,2022-03-24,1
3423,21,2022-03-24,1
3432,581,2022-03-24,1
3434,1211,2022-03-24,1
3451,1456,2022-03-24,1
3455,184,2022-03-24,1
3457,483,2022-03-24,1
3462,537,2022-03-24,1
3464,209,2022-03-24,1
3474,171,2022-03-24,1
3481,281,2022-03-24,1
3498,5,2022-03-24,1
3522,1443,2022-03-24,1
3535,93,2022-03-24,1
3555,144,2022-03-24,1
3563,22,2022-03-24,1
3572,231,2022-03-24,1
3598,712,2022-03-24,1
3628,42,2022-03-24,1
3645,838,2022-03-24,1
3648,106,2022-03-24,1
3653,178,2022-03-24,1
3667,200,2022-03-24,1
3669,102,2022-03-24,1
3670,120,2022-03-24,1
3693,637,2022-03-24,1
3703,50,2022-03-24,1
3713,124,2022-03-24,1
3717,1196,2022-03-24,1
3730,118,2022-03-24,1
3752,66,2022-03-24,1
3762,56,2022-03-24,1
3773,431,2022-03-24,1
3777,57,2022-03-24,1
3796,552,2022-03-24,1
3800,68,2022-03-24,1
3810,1267,2022-03-25,1
3820,525,2022-03-25,1
3822,281,2022-03-25,1
3831,31,2022-03-25,1
3835,24,2022-03-25,1
3847,168,2022-03-25,1
3849,80,2022-03-25,1
3854,614,2022-03-25,1
3855,1426,2022-03-25,1
3861,624,2022-03-25,1
3868,6,2022-03-25,1
3879,123,2022-03-25,1
3883,7,2022-03-25,1
3886,136,2022-03-25,1
3892,1071,2022-03-25,1
3900,85,2022-03-25,1
3902,1043,2022-03-25,1
3904,195,2022-03-25,1
3913,352,2022-03-25,1
3916,1360,2022-03-25,1
3917,431,2022-03-25,1
3920,501,2022-03-25,1
3925,1464,2022-03-25,1
3928,748,2022-03-25,1
3943,121,2022-03-25,1
3945,34,2022-03-25,1
3947,588,2022-03-25,1
3984,53,2022-03-25,1
3990,25,2022-03-25,1
3991,298,2022-03-25,1
4016,909,2022-03-25,1
4020,5,2022-03-25,1
4056,599,2022-03-25,1
4068,165,2022-03-25,1
4081,162,2022-03-25,1
4097,54,2022-03-25,1
4099,1389,2022-03-25,1
4123,1441,2022-03-25,1
4135,57,2022-03-25,1
4136,198,2022-03-25,1
4148,189,2022-03-25,1
4149,106,2022-03-25,1
4157,101,2022-03-25,1
4168,65,2022-03-25,1
4170,108,2022-03-25,1
4188,77,2022-03-25,1
4241,22,2022-03-26,1
4257,691,2022-03-26,1
4272,1002,2022-03-26,1
4283,1494,2022-03-26,1
4304,174,2022-03-26,1
4311,51,2022-03-26,1
4316,174,2022-03-27,1
4332,50,2022-03-27,1
4335,6,2022-03-27,1
4336,60,2022-03-27,1
4338,994,2022-03-27,1
4340,728,2022-03-27,1
4342,1138,2022-03-27,1
4344,258,2022-03-27,1
4384,122,2022-03-27,1
4391,395,2022-03-27,1
4430,425,2022-03-27,1
4439,10,2022-03-27,1
4440,643,2022-03-27,1
4451,460,2022-03-27,1
4469,575,2022-03-28,1
4477,123,2022-03-28,1
4512,44,2022-03-28,1
4520,681,2022-03-28,1
4528,301,2022-03-28,1
4531,438,2022-03-28,1
4552,1429,2022-03-28,1
4553,1335,2022-03-28,1
4554,168,2022-03-28,1
4559,1064,2022-03-28,1
4577,614,2022-03-28,1
4580,252,2022-03-28,1
4585,54,2022-03-28,1
4595,211,2022-03-28,1
4603,156,2022-03-28,1
4607,101,2022-03-28,1
4611,85,2022-03-28,1
4613,637,2022-03-28,1
4616,12,2022-03-28,1
4624,177,2022-03-28,1
4625,2,2022-03-28,1
4649,184,2022-03-28,1
4653,144,2022-03-28,1
4667,108,2022-03-28,1
4672,745,2022-03-28,1
4673,654,2022-03-28,1
4674,106,2022-03-28,1
4681,474,2022-03-28,1
4683,194,2022-03-28,1
4688,588,2022-03-28,1
4691,561,2022-03-28,1
4709,1221,2022-03-28,1
4711,60,2022-03-28,1
4761,55,2022-03-28,1
4782,1060,2022-03-28,1
4806,25,2022-03-28,1
4814,42,2022-03-28,1
4818,311,2022-03-28,1
4822,855,2022-03-28,1
4854,545,2022-03-28,1
4862,124,2022-03-28,1
4873,79,2022-03-28,1
4874,189,2022-03-28,1
4892,57,2022-03-28,1
4894,364,2022-03-28,1
4900,541,2022-03-28,1
4902,205,2022-03-29,2
4904,2,2022-03-29,2
4909,438,2022-03-29,2
4912,1020,2022-03-29,2
4914,665,2022-03-29,2
4924,735,2022-03-29,2
4926,645,2022-03-29,2
4931,802,2022-03-29,2
4935,1224,2022-03-29,2
4940,575,2022-03-29,2
4943,52,2022-03-29,2
4947,112,2022-03-29,2
4963,5,2022-03-29,2
4967,342,2022-03-29,2
4985,34,2022-03-29,2
4991,637,2022-03-29,2
4992,605,2022-03-29,2
4997,115,2022-03-29,2
5000,482,2022-03-29,2
5005,368,2022-03-29,2
5013,85,2022-03-29,2
5022,68,2022-03-29,2
5027,44,2022-03-29,2
5036,89,2022-03-29,2
5043,42,2022-03-29,2
5044,121,2022-03-29,2
5048,632,2022-03-29,2
5090,1156,2022-03-29,2
5102,130,2022-03-29,2
5112,420,2022-03-29,2
5142,63,2022-03-29,2
5148,350,2022-03-29,2
5155,215,2022-03-29,2
5170,652,2022-03-29,2
5185,81,2022-03-29,2
5200,65,2022-03-29,2
5204,826,2022-03-29,2
5232,1413,2022-03-29,2
5244,53,2022-03-29,2
5254,339,2022-03-29,2
5256,458,2022-03-29,2
5259,735,2022-03-30,2
5262,1325,2022-03-30,2
5264,76,2022-03-30,2
5285,1338,2022-03-30,2
5286,614,2022-03-30,2
5290,171,2022-03-30,2
5292,166,2022-03-30,2
5333,80,2022-03-30,2
5338,1041,2022-03-30,2
5351,125,2022-03-30,2
5358,1002,2022-03-30,2
5359,1452,2022-03-30,2
5360,34,2022-03-30,2
5362,85,2022-03-30,2
5368,209,2022-03-30,2
5369,24,2022-03-30,2
5376,51,2022-03-30,2
5380,592,2022-03-30,2
5385,1023,2022-03-30,2
5387,6,2022-03-30,2
5393,184,2022-03-30,2
5396,38,2022-03-30,2
5398,613,2022-03-30,2
5403,455,2022-03-30,2
5416,22,2022-03-30,2
5419,792,2022-03-30,2
5427,350,2022-03-30,2
5448,170,2022-03-30,2
5465,2,2022-03-30,2
5467,336,2022-03-30,2
5484,89,2022-03-30,2
5491,283,2022-03-30,2
5530,108,2022-03-30,2
5569,165,2022-03-30,2
5595,25,2022-03-30,2
5603,339,2022-03-30,2
5667,130,2022-03-30,2
5674,694,2022-03-30,2
5676,56,2022-03-30,2
5715,1154,2022-03-31,2
5720,438,2022-03-31,2
5757,80,2022-03-31,2
5758,455,2022-03-31,2
5779,792,2022-03-31,2
5836,68,2022-03-31,2
5842,15,2022-03-31,2
5853,425,2022-03-31,2
5858,34,2022-03-31,2
5859,57,2022-03-31,2
5861,950,2022-03-31,2
5873,418,2022-03-31,2
5878,377,2022-03-31,2
5890,5,2022-03-31,2
5904,1280,2022-03-31,2
5909,89,2022-03-31,2
5911,881,2022-03-31,2
5918,108,2022-03-31,2
5921,1032,2022-03-31,2
5928,210,2022-03-31,2
5933,1303,2022-03-31,2
5940,77,2022-03-31,2
5951,244,2022-03-31,2
5964,948,2022-03-31,2
5974,223,2022-03-31,2
5997,78,2022-03-31,2
6023,474,2022-03-31,2
6036,1507,2022-03-31,2
6037,166,2022-03-31,2
6049,382,2022-03-31,2
6054,694,2022-03-31,2
6082,215,2022-03-31,2
6089,1258,2022-03-31,2
6110,106,2022-03-31,2
6111,75,2022-03-31,2
6141,380,2022-04-01,2
6150,301,2022-04-01,2
6154,778,2022-04-01,2
6156,89,2022-04-01,2
6162,932,2022-04-01,2
6165,184,2022-04-01,2
6166,91,2022-04-01,2
6175,129,2022-04-01,2
6178,722,2022-04-01,2
6195,12,2022-04-01,2
6225,342,2022-04-01,2
6227,272,2022-04-01,2
6234,450,2022-04-01,2
6238,1,2022-04-01,2
6244,281,2022-04-01,2
6249,492,2022-04-01,2
6255,438,2022-04-01,2
6260,474,2022-04-01,2
6268,175,2022-04-01,2
6275,792,2022-04-01,2
6276,166,2022-04-01,2
6327,397,2022-04-01,2
6329,57,2022-04-01,2
6337,34,2022-04-01,2
6342,205,2022-04-01,2
6353,70,2022-04-01,2
6358,965,2022-04-01,2
6380,13,2022-04-01,2
6386,115,2022-04-01,2
6390,215,2022-04-01,2
6403,50,2022-04-01,2
6429,81,2022-04-01,2
6498,595,2022-04-01,2
6499,149,2022-04-02,2
6508,808,2022-04-02,2
6512,475,2022-04-02,2
6515,1452,2022-04-02,2
6516,91,2022-04-02,2
6525,1357,2022-04-02,2
6526,450,2022-04-02,2
6544,1388,2022-04-02,2
6545,506,2022-04-02,2
6556,705,2022-04-02,2
6563,652,2022-04-03,2
6564,1009,2022-04-03,2
6575,778,2022-04-03,2
6584,112,2022-04-03,2
6587,722,2022-04-03,2
6594,11,2022-04-03,2
6603,122,2022-04-03,2
6620,169,2022-04-03,2
6630,91,2022-04-04,2
6646,228,2022-04-04,2
6664,281,2022-04-04,2
6666,430,2022-04-04,2
6673,58,2022-04-04,2
6674,184,2022-04-04,2
6683,68,2022-04-04,2
6705,6,2022-04-04,2
6711,12,2022-04-04,2
6725,1000,2022-04-04,2
6727,209,2022-04-04,2
6748,11,2022-04-04,2
6751,285,2022-04-04,2
6757,397,2022-04-04,2
6765,113,2022-04-04,2
6770,168,2022-04-04,2
6782,89,2022-04-04,2
6789,142,2022-04-04,2
6792,261,2022-04-04,2
6794,232,2022-04-04,2
6810,484,2022-04-04,2
6814,331,2022-04-04,2
6817,162,2022-04-04,2
6832,47,2022-04-04,2
6839,108,2022-04-04,2
6844,20,2022-04-04,2
6886,165,2022-04-04,2
6887,1282,2022-04-04,2
6892,41,2022-04-04,2
6930,847,2022-04-04,2
6931,1297,2022-04-04,2
6975,75,2022-04-04,2
6976,2,2022-04-04,2
7002,311,2022-04-04,2
7045,79,2022-04-04,2
7046,1273,2022-04-04,2
7065,223,2022-04-04,2
7073,964,2022-04-04,2
7093,1208,2022-04-04,2
7104,76,2022-04-04,2
7107,847,2022-04-05,3
7110,1188,2022-04-05,3
7117,652,2022-04-05,3
7119,382,2022-04-05,3
7123,12,2022-04-05,3
7148,792,2022-04-05,3
7172,567,2022-04-05,3
7179,11,2022-04-05,3
7202,281,2022-04-05,3
7211,7,2022-04-05,3
7216,15,2022-04-05,3
7217,665,2022-04-05,3
7218,499,2022-04-05,3
7222,141,2022-04-05,3
7224,645,2022-04-05,3
7243,103,2022-04-05,3
7245,430,2022-04-05,3
7254,397,2022-04-05,3
7257,5,2022-04-05,3
7264,850,2022-04-05,3
7266,717,2022-04-05,3
7268,1509,2022-04-05,3
7274,121,2022-04-05,3
7276,34,2022-04-05,3
7278,168,2022-04-05,3
7287,211,2022-04-05,3
7296,474,2022-04-05,3
7301,1448,2022-04-05,3
7310,238,2022-04-05,3
7322,484,2022-04-05,3
7324,331,2022-04-05,3
7344,78,2022-04-05,3
7352,56,2022-04-05,3
7360,285,2022-04-05,3
7361,57,2022-04-05,3
7365,89,2022-04-05,3
7366,80,2022-04-05,3
7372,42,2022-04-05,3
7380,1098,2022-04-05,3
7396,349,2022-04-05,3
7399,790,2022-04-05,3
7404,560,2022-04-05,3
7409,749,2022-04-05,3
7411,799,2022-04-05,3
7447,109,2022-04-05,3
7469,158,2022-04-05,3
7471,350,2022-04-05,3
7474,130,2022-04-05,3
7475,600,2022-04-05,3
7481,175,2022-04-05,3
7484,167,2022-04-05,3
7486,561,2022-04-05,3
7490,41,2022-04-05,3
7520,115,2022-04-05,3
7521,77,2022-04-05,3
7522,311,2022-04-05,3
7531,108,2022-04-05,3
7537,53,2022-04-05,3
7553,1373,2022-04-05,3
7576,460,2022-04-06,3
7577,643,2022-04-06,3
7593,1238,2022-04-06,3
7594,932,2022-04-06,3
7597,941,2022-04-06,3
7598,299,2022-04-06,3
7599,11,2022-04-06,3
7619,1089,2022-04-06,3
7622,477,2022-04-06,3
7630,184,2022-04-06,3
7632,608,2022-04-06,3
7635,560,2022-04-06,3
7636,508,2022-04-06,3
7638,1069,2022-04-06,3
7646,171,2022-04-06,3
7670,1266,2022-04-06,3
7675,349,2022-04-06,3
7680,93,2022-04-06,3
7682,194,2022-04-06,3
7688,221,2022-04-06,3
7695,749,2022-04-06,3
7704,437,2022-04-06,3
7722,656,2022-04-06,3
7748,142,2022-04-06,3
7760,44,2022-04-06,3
7771,15,2022-04-06,3
7783,625,2022-04-06,3
7785,101,2022-04-06,3
7787,1370,2022-04-06,3
7795,121,2022-04-06,3
7804,210,2022-04-06,3
7817,84,2022-04-06,3
7828,68,2022-04-06,3
7830,237,2022-04-06,3
7843,60,2022-04-06,3
7849,36,2022-04-06,3
7851,600,2022-04-06,3
7853,6,2022-04-06,3
7869,41,2022-04-06,3
7888,57,2022-04-06,3
7894,89,2022-04-06,3
7905,108,2022-04-06,3
7943,158,2022-04-06,3
7972,50,2022-04-06,3
7974,1421,2022-04-06,3
8017,311,2022-04-06,3
8018,51,2022-04-06,3
8030,819,2022-04-06,3
8038,446,2022-04-07,3
8044,324,2022-04-07,3
8045,430,2022-04-07,3
8056,1053,2022-04-07,3
8066,11,2022-04-07,3
8067,57,2022-04-07,3
8076,593,2022-04-07,3
8081,932,2022-04-07,3
8082,498,2022-04-07,3
8098,1007,2022-04-07,3
8102,80,2022-04-07,3
8108,533,2022-04-07,3
8118,735,2022-04-07,3
8122,1248,2022-04-07,3
8126,326,2022-04-07,3
8137,89,2022-04-07,3
8143,184,2022-04-07,3
8148,247,2022-04-07,3
8149,475,2022-04-07,3
8167,388,2022-04-07,3
8168,403,2022-04-07,3
8170,55,2022-04-07,3
8177,51,2022-04-07,3
8181,1360,2022-04-07,3
8187,70,2022-04-07,3
8188,1458,2022-04-07,3
8191,86,2022-04-07,3
8197,381,2022-04-07,3
8200,121,2022-04-07,3
8202,221,2022-04-07,3
8203,29,2022-04-07,3
8216,342,2022-04-07,3
8223,75,2022-04-07,3
8250,528,2022-04-07,3
8313,210,2022-04-07,3
8325,382,2022-04-07,3
8334,433,2022-04-07,3
8338,752,2022-04-07,3
8340,158,2022-04-07,3
8352,47,2022-04-07,3
8355,477,2022-04-07,3
8359,42,2022-04-07,3
8361,53,2022-04-07,3
8363,504,2022-04-07,3
8380,216,2022-04-07,3
8403,108,2022-04-07,3
8414,467,2022-04-07,3
8429,223,2022-04-07,3
8434,1117,2022-04-07,3
8436,30,2022-04-07,3
8453,215,2022-04-07,3
8462,1184,2022-04-07,3
8467,1250,2022-04-07,3
8478,1523,2022-04-07,3
8481,458,2022-04-07,3
8492,173,2022-04-07,3
8493,103,2022-04-08,3
8519,192,2022-04-08,3
8523,12,2022-04-08,3
8533,47,2022-04-08,3
8551,543,2022-04-08,3
8556,533,2022-04-08,3
8563,10,2022-04-08,3
8582,29,2022-04-08,3
8590,546,2022-04-08,3
8592,44,2022-04-08,3
8668,328,2022-04-08,3
8669,673,2022-04-08,3
8697,581,2022-04-08,3
8717,70,2022-04-08,3
8719,7,2022-04-08,3
8859,922,2022-04-08,3
8868,314,2022-04-08,3
8897,1371,2022-04-08,3
8899,184,2022-04-08,3
8902,437,2022-04-08,3
8909,1091,2022-04-08,3
8911,756,2022-04-08,3
8931,527,2022-04-08,3
8957,42,2022-04-08,3
8960,1013,2022-04-08,3
8965,6,2022-04-08,3
8966,15,2022-04-08,3
9005,23,2022-04-08,3
9016,55,2022-04-08,3
9025,225,2022-04-08,3
9028,168,2022-04-08,3
9048,173,2022-04-08,3
9068,20,2022-04-08,3
9088,790,2022-04-08,3
9103,36,2022-04-08,3
9143,1142,2022-04-08,3
9144,13,2022-04-08,3
9164,1445,2022-04-08,3
9192,246,2022-04-08,3
9198,56,2022-04-08,3
9245,64,2022-04-08,3
9281,835,2022-04-09,3
9282,1222,2022-04-09,3
9300,900,2022-04-09,3
9303,138,2022-04-09,3
9326,1203,2022-04-09,3
9346,11,2022-04-09,3
9353,1349,2022-04-09,3
9359,278,2022-04-09,3
9365,173,2022-04-10,3
9366,82,2022-04-10,3
9420,1276,2022-04-10,3
9422,11,2022-04-10,3
9460,184,2022-04-10,3
9461,68,2022-04-10,3
9466,824,2022-04-10,3
9469,219,2022-04-10,3
9472,1097,2022-04-10,3
9474,168,2022-04-10,3
9502,80,2022-04-10,3
9509,579,2022-04-10,3
9517,324,2022-04-11,3
9522,12,2022-04-11,3
9527,192,2022-04-11,3
9530,36,2022-04-11,3
9534,115,2022-04-11,3
9539,224,2022-04-11,3
9540,44,2022-04-11,3
9579,168,2022-04-11,3
9592,15,2022-04-11,3
9594,82,2022-04-11,3
9600,1141,2022-04-11,3
9617,687,2022-04-11,3
9622,1337,2022-04-11,3
9632,55,2022-04-11,3
9647,1435,2022-04-11,3
9665,157,2022-04-11,3
9678,10,2022-04-11,3
9679,73,2022-04-11,3
9712,352,2022-04-11,3
9742,616,2022-04-11,3
9745,1108,2022-04-11,3
9755,382,2022-04-11,3
9756,128,2022-04-11,3
9761,243,2022-04-11,3
9768,508,2022-04-11,3
9777,108,2022-04-11,3
9782,746,2022-04-11,3
9824,5,2022-04-11,3
9826,1129,2022-04-11,3
9846,6,2022-04-11,3
9887,42,2022-04-11,3
9889,210,2022-04-11,3
9894,1257,2022-04-11,3
9901,358,2022-04-11,3
9918,56,2022-04-11,3
9927,418,2022-04-11,3
9971,1085,2022-04-11,3
9976,278,2022-04-11,3
9984,38,2022-04-11,3
10014,1285,2022-04-11,3
10015,142,2022-04-11,3
10023,51,2022-04-11,3
10037,503,2022-04-11,3
10040,1202,2022-04-11,3
10063,215,2022-04-11,3
10078,108,2022-04-12,4
10087,438,2022-04-12,4
10091,466,2022-04-12,4
10092,1051,2022-04-12,4
10103,755,2022-04-12,4
10119,740,2022-04-12,4
10125,15,2022-04-12,4
10138,1525,2022-04-12,4
10139,221,2022-04-12,4
10140,57,2022-04-12,4
10168,508,2022-04-12,4
10171,906,2022-04-12,4
10200,103,2022-04-12,4
10222,602,2022-04-12,4
10243,89,2022-04-12,4
10247,254,2022-04-12,4
10249,5,2022-04-12,4
10256,246,2022-04-12,4
10276,261,2022-04-12,4
10280,79,2022-04-12,4
10283,314,2022-04-12,4
10285,34,2022-04-12,4
10299,464,2022-04-12,4
10302,1142,2022-04-12,4
10327,25,2022-04-12,4
10363,1524,2022-04-12,4
10373,215,2022-04-12,4
10384,165,2022-04-12,4
10394,48,2022-04-12,4
10401,1125,2022-04-12,4
10408,42,2022-04-12,4
10419,118,2022-04-12,4
10461,589,2022-04-12,4
10478,208,2022-04-12,4
10480,162,2022-04-12,4
10481,446,2022-04-12,4
10505,420,2022-04-12,4
10520,1047,2022-04-12,4
10534,106,2022-04-12,4
10542,429,2022-04-13,4
10548,430,2022-04-13,4
10553,698,2022-04-13,4
10560,516,2022-04-13,4
10567,1363,2022-04-13,4
10573,1465,2022-04-13,4
10575,77,2022-04-13,4
10607,665,2022-04-13,4
10610,44,2022-04-13,4
10619,10,2022-04-13,4
10631,216,2022-04-13,4
10638,184,2022-04-13,4
10639,583,2022-04-13,4
10649,20,2022-04-13,4
10655,49,2022-04-13,4
10656,1528,2022-04-13,4
10669,5,2022-04-13,4
10674,579,2022-04-13,4
10683,365,2022-04-13,4
10686,51,2022-04-13,4
10688,328,2022-04-13,4
10697,156,2022-04-13,4
10700,305,2022-04-13,4
10701,1164,2022-04-13,4
10707,564,2022-04-13,4
10720,108,2022-04-13,4
10723,249,2022-04-13,4
10733,15,2022-04-13,4
10749,496,2022-04-13,4
10760,130,2022-04-13,4
10772,53,2022-04-13,4
10773,246,2022-04-13,4
10774,1059,2022-04-13,4
10784,217,2022-04-13,4
10789,751,2022-04-13,4
10801,382,2022-04-13,4
10803,106,2022-04-13,4
10818,59,2022-04-13,4
10827,523,2022-04-13,4
10855,58,2022-04-13,4
10870,25,2022-04-13,4
10931,115,2022-04-13,4
10977,38,2022-04-13,4
11016,173,2022-04-13,4
11025,598,2022-04-13,4
11049,1202,2022-04-13,4
11058,1285,2022-04-13,4
11060,446,2022-04-13,4
11094,206,2022-04-13,4
11099,219,2022-04-13,4
11115,120,2022-04-13,4
11139,57,2022-04-13,4
11149,453,2022-04-13,4
11151,277,2022-04-13,4
11159,165,2022-04-13,4
11168,244,2022-04-13,4
11193,82,2022-04-14,4
11205,15,2022-04-14,4
11210,665,2022-04-14,4
11216,1347,2022-04-14,4
11217,22,2022-04-14,4
11220,1306,2022-04-14,4
11240,12,2022-04-14,4
11245,444,2022-04-14,4
11249,352,2022-04-14,4
11255,1009,2022-04-14,4
11258,93,2022-04-14,4
11262,53,2022-04-14,4
11268,176,2022-04-14,4
11274,68,2022-04-14,4
11284,157,2022-04-14,4
11297,118,2022-04-14,4
11312,37,2022-04-14,4
11316,616,2022-04-14,4
11320,244,2022-04-14,4
11321,2,2022-04-14,4
11334,108,2022-04-14,4
11336,117,2022-04-14,4
11377,539,2022-04-14,4
11380,65,2022-04-14,4
11384,333,2022-04-14,4
11386,51,2022-04-14,4
11392,446,2022-04-14,4
11394,13,2022-04-14,4
11434,852,2022-04-14,4
11436,492,2022-04-14,4
11462,1178,2022-04-14,4
11484,120,2022-04-14,4
11488,278,2022-04-14,4
11501,350,2022-04-14,4
11513,115,2022-04-14,4
11515,419,2022-04-14,4
11519,817,2022-04-14,4
11522,77,2022-04-14,4
11540,253,2022-04-14,4
11543,269,2022-04-14,4
11545,836,2022-04-14,4
11548,120,2022-04-15,4
11549,197,2022-04-15,4
11560,253,2022-04-15,4
11563,1393,2022-04-15,4
11564,515,2022-04-15,4
11565,19,2022-04-15,4
11575,9,2022-04-15,4
11583,4,2022-04-15,4
11586,107,2022-04-15,4
11594,673,2022-04-15,4
11596,15,2022-04-15,4
11598,222,2022-04-15,4
11605,526,2022-04-15,4
11625,243,2022-04-15,4
11637,444,2022-04-15,4
11672,817,2022-04-15,4
11677,628,2022-04-15,4
11691,93,2022-04-15,4
11702,176,2022-04-15,4
11714,53,2022-04-15,4
11729,20,2022-04-15,4
11737,324,2022-04-15,4
11740,333,2022-04-15,4
11776,65,2022-04-15,4
11790,1125,2022-04-15,4
11801,77,2022-04-15,4
11812,107,2022-04-16,4
11817,12,2022-04-16,4
11826,714,2022-04-16,4
11832,148,2022-04-16,4
11849,378,2022-04-16,4
11891,80,2022-04-17,4
11895,113,2022-04-17,4
11899,714,2022-04-17,4
11901,327,2022-04-17,4
11911,184,2022-04-17,4
11947,168,2022-04-18,4
11950,532,2022-04-18,4
11951,12,2022-04-18,4
11952,80,2022-04-18,4
11958,73,2022-04-18,4
11959,125,2022-04-18,4
11968,961,2022-04-18,4
11975,107,2022-04-18,4
11984,293,2022-04-18,4
12014,7,2022-04-18,4
12033,464,2022-04-18,4
12074,54,2022-04-18,4
12075,616,2022-04-18,4
12076,11,2022-04-18,4
12080,121,2022-04-18,4
12088,839,2022-04-18,4
12105,782,2022-04-18,4
12118,6,2022-04-18,4
12136,60,2022-04-18,4
12141,118,2022-04-18,4
12159,242,2022-04-18,4
12160,166,2022-04-18,4
12162,261,2022-04-18,4
12179,165,2022-04-18,4
12180,132,2022-04-18,4
12182,81,2022-04-18,4
12215,42,2022-04-18,4
12237,174,2022-04-18,4
12239,135,2022-04-18,4
12241,709,2022-04-18,4
12242,760,2022-04-18,4
12245,333,2022-04-18,4
12261,20,2022-04-18,4
12268,382,2022-04-18,4
12283,1028,2022-04-18,4
12290,246,2022-04-18,4
12296,1137,2022-04-18,4
12298,809,2022-04-18,4
12299,418,2022-04-18,4
12303,108,2022-04-18,4
12305,826,2022-04-18,4
12312,269,2022-04-18,4
12342,130,2022-04-19,5
12349,189,2022-04-19,5
12351,83,2022-04-19,5
12364,782,2022-04-19,5
12366,173,2022-04-19,5
12378,1489,2022-04-19,5
12382,10,2022-04-19,5
12387,341,2022-04-19,5
12390,6,2022-04-19,5
12396,1103,2022-04-19,5
12398,9,2022-04-19,5
12404,975,2022-04-19,5
12405,616,2022-04-19,5
12411,103,2022-04-19,5
12424,171,2022-04-19,5
12428,70,2022-04-19,5
12429,38,2022-04-19,5
12430,80,2022-04-19,5
12440,33,2022-04-19,5
12442,644,2022-04-19,5
12443,1022,2022-04-19,5
12446,184,2022-04-19,5
12448,93,2022-04-19,5
12472,989,2022-04-19,5
12495,1466,2022-04-19,5
12498,50,2022-04-19,5
12502,328,2022-04-19,5
12515,15,2022-04-19,5
12523,528,2022-04-19,5
12534,675,2022-04-19,5
12539,809,2022-04-19,5
12545,108,2022-04-19,5
12551,219,2022-04-19,5
12562,118,2022-04-19,5
12564,68,2022-04-19,5
12584,200,2022-04-19,5
12589,34,2022-04-19,5
12596,42,2022-04-19,5
12611,510,2022-04-19,5
12624,115,2022-04-19,5
12628,20,2022-04-19,5
12658,167,2022-04-19,5
12680,998,2022-04-19,5
12725,206,2022-04-19,5
12737,57,2022-04-19,5
12800,68,2022-04-20,5
12804,130,2022-04-20,5
12809,1223,2022-04-20,5
12811,83,2022-04-20,5
12818,162,2022-04-20,5
12829,304,2022-04-20,5
12832,53,2022-04-20,5
12833,161,2022-04-20,5
12861,556,2022-04-20,5
12868,121,2022-04-20,5
12873,38,2022-04-20,5
12888,444,2022-04-20,5
12902,1416,2022-04-20,5
12912,11,2022-04-20,5
12920,1261,2022-04-20,5
12922,15,2022-04-20,5
12925,451,2022-04-20,5
12927,57,2022-04-20,5
12935,10,2022-04-20,5
12981,367,2022-04-20,5
12984,70,2022-04-20,5
12989,6,2022-04-20,5
12994,124,2022-04-20,5
13005,93,2022-04-20,5
13011,559,2022-04-20,5
13035,223,2022-04-20,5
13039,25,2022-04-20,5
13052,850,2022-04-20,5
13056,13,2022-04-20,5
13062,64,2022-04-20,5
13068,115,2022-04-20,5
13099,77,2022-04-20,5
13127,80,2022-04-20,5
13131,606,2022-04-20,5
13135,442,2022-04-20,5
13141,225,2022-04-20,5
13142,418,2022-04-20,5
13143,206,2022-04-20,5
13167,1251,2022-04-20,5
13171,20,2022-04-20,5
13190,108,2022-04-20,5
13230,41,2022-04-21,5
13231,215,2022-04-21,5
13245,767,2022-04-21,5
13250,12,2022-04-21,5
13252,57,2022-04-21,5
13256,636,2022-04-21,5
13259,10,2022-04-21,5
13261,692,2022-04-21,5
13264,1086,2022-04-21,5
13265,80,2022-04-21,5
13271,168,2022-04-21,5
13284,184,2022-04-21,5
13287,297,2022-04-21,5
13294,192,2022-04-21,5
13299,1491,2022-04-21,5
13303,254,2022-04-21,5
13308,508,2022-04-21,5
13328,451,2022-04-21,5
13334,413,2022-04-21,5
13348,409,2022-04-21,5
13351,832,2022-04-21,5
13366,68,2022-04-21,5
13372,1162,2022-04-21,5
13373,66,2022-04-21,5
13390,324,2022-04-21,5
13391,414,2022-04-21,5
13400,566,2022-04-21,5
13411,89,2022-04-21,5
13427,198,2022-04-21,5
13450,849,2022-04-21,5
13458,617,2022-04-21,5
13483,293,2022-04-21,5
13489,115,2022-04-21,5
13492,6,2022-04-21,5
13494,244,2022-04-21,5
13495,77,2022-04-21,5
13498,20,2022-04-21,5
13502,253,2022-04-21,5
13503,1213,2022-04-21,5
13515,65,2022-04-21,5
13530,826,2022-04-21,5
13537,220,2022-04-21,5
13552,51,2022-04-22,5
13553,444,2022-04-22,5
13556,1334,2022-04-22,5
13559,9,2022-04-22,5
13576,192,2022-04-22,5
13588,74,2022-04-22,5
13595,12,2022-04-22,5
13596,153,2022-04-22,5
13597,1083,2022-04-22,5
13602,161,2022-04-22,5
13610,53,2022-04-22,5
13618,281,2022-04-22,5
13619,388,2022-04-22,5
13620,34,2022-04-22,5
13629,1457,2022-04-22,5
13630,33,2022-04-22,5
13632,80,2022-04-22,5
13641,723,2022-04-22,5
13658,1096,2022-04-22,5
13661,115,2022-04-22,5
13663,194,2022-04-22,5
13674,168,2022-04-22,5
13687,54,2022-04-22,5
13688,121,2022-04-22,5
13698,93,2022-04-22,5
13717,38,2022-04-22,5
13729,89,2022-04-22,5
13756,25,2022-04-22,5
13767,1326,2022-04-22,5
13777,1109,2022-04-22,5
13794,494,2022-04-22,5
13797,612,2022-04-22,5
13801,108,2022-04-22,5
13803,618,2022-04-22,5
13804,42,2022-04-22,5
13805,158,2022-04-22,5
13807,270,2022-04-22,5
13822,683,2022-04-22,5
13827,2,2022-04-22,5
13835,76,2022-04-22,5
13847,30,2022-04-22,5
13864,1527,2022-04-23,5
13865,452,2022-04-23,5
13872,343,2022-04-23,5
13876,51,2022-04-23,5
13877,763,2022-04-23,5
13882,54,2022-04-23,5
13883,329,2022-04-23,5
13892,128,2022-04-23,5
13893,139,2022-04-23,5
13896,1274,2022-04-23,5
13901,200,2022-04-23,5
13910,19,2022-04-24,5
13913,7,2022-04-24,5
13918,32,2022-04-24,5
13932,318,2022-04-24,5
13942,1186,2022-04-24,5
13949,113,2022-04-24,5
13964,9,2022-04-24,5
13971,225,2022-04-25,5
13974,52,2022-04-25,5
13975,10,2022-04-25,5
13985,184,2022-04-25,5
13986,665,2022-04-25,5
13993,383,2022-04-25,5
14019,9,2022-04-25,5
14083,33,2022-04-25,5
14088,103,2022-04-25,5
14106,176,2022-04-25,5
14111,728,2022-04-25,5
14119,209,2022-04-25,5
14122,60,2022-04-25,5
14126,32,2022-04-25,5
14154,842,2022-04-25,5
14172,690,2022-04-25,5
14177,397,2022-04-25,5
14181,414,2022-04-25,5
14188,285,2022-04-25,5
14210,38,2022-04-25,5
14211,34,2022-04-25,5
14220,4,2022-04-25,5
14229,147,2022-04-25,5
14236,382,2022-04-25,5
14239,80,2022-04-25,5
14255,421,2022-04-25,5
14301,559,2022-04-25,5
14302,206,2022-04-25,5
14324,494,2022-04-25,5
14325,57,2022-04-25,5
14340,489,2022-04-25,5
14352,443,2022-04-25,5
14357,42,2022-04-25,5
14358,108,2022-04-25,5
14367,253,2022-04-25,5
14383,270,2022-04-25,5
14390,106,2022-04-25,5
14402,244,2022-04-25,5
14421,992,2022-04-25,5
14425,25,2022-04-25,5
14438,170,2022-04-25,5
14462,50,2022-04-25,5
14472,48,2022-04-25,5
14483,1286,2022-04-26,6
14503,665,2022-04-26,6
14504,280,2022-04-26,6
14505,11,2022-04-26,6
14507,357,2022-04-26,6
14510,7,2022-04-26,6
14522,148,2022-04-26,6
14531,168,2022-04-26,6
14545,24,2022-04-26,6
14547,9,2022-04-26,6
14554,12,2022-04-26,6
14564,33,2022-04-26,6
14570,18,2022-04-26,6
14576,328,2022-04-26,6
14589,115,2022-04-26,6
14593,1364,2022-04-26,6
14608,36,2022-04-26,6
14618,176,2022-04-26,6
14632,996,2022-04-26,6
14645,155,2022-04-26,6
14648,252,2022-04-26,6
14653,690,2022-04-26,6
14655,118,2022-04-26,6
14656,1093,2022-04-26,6
14658,508,2022-04-26,6
14662,126,2022-04-26,6
14666,34,2022-04-26,6
14670,352,2022-04-26,6
14675,5,2022-04-26,6
14681,857,2022-04-26,6
14687,25,2022-04-26,6
14688,1111,2022-04-26,6
14694,406,2022-04-26,6
14716,346,2022-04-26,6
14735,108,2022-04-26,6
14744,77,2022-04-26,6
14750,188,2022-04-26,6
14768,6,2022-04-26,6
14770,158,2022-04-26,6
14774,896,2022-04-26,6
14778,20,2022-04-26,6
14786,246,2022-04-26,6
14787,295,2022-04-26,6
14825,68,2022-04-26,6
14826,42,2022-04-26,6
14833,51,2022-04-26,6
14867,800,2022-04-26,6
14876,1078,2022-04-26,6
14883,563,2022-04-26,6
14893,9,2022-04-27,6
14900,24,2022-04-27,6
14913,444,2022-04-27,6
14934,1104,2022-04-27,6
14938,102,2022-04-27,6
14944,68,2022-04-27,6
14954,228,2022-04-27,6
14963,454,2022-04-27,6
14974,11,2022-04-27,6
14977,295,2022-04-27,6
14982,7,2022-04-27,6
14997,80,2022-04-27,6
15010,1510,2022-04-27,6
15016,5,2022-04-27,6
15019,924,2022-04-27,6
15025,553,2022-04-27,6
15030,115,2022-04-27,6
15031,383,2022-04-27,6
15050,104,2022-04-27,6
15072,690,2022-04-27,6
15081,1300,2022-04-27,6
15100,371,2022-04-27,6
15109,1398,2022-04-27,6
15112,687,2022-04-27,6
15124,79,2022-04-27,6
15125,153,2022-04-27,6
15138,6,2022-04-27,6
15148,188,2022-04-27,6
15161,977,2022-04-27,6
15163,2,2022-04-27,6
15166,452,2022-04-27,6
15169,1216,2022-04-27,6
15188,42,2022-04-27,6
15193,448,2022-04-27,6
15196,1147,2022-04-27,6
15201,377,2022-04-27,6
15230,184,2022-04-27,6
15234,127,2022-04-27,6
15256,167,2022-04-27,6
15262,1498,2022-04-27,6
15275,353,2022-04-27,6
15288,53,2022-04-27,6
15303,915,2022-04-27,6
15308,20,2022-04-27,6
15321,108,2022-04-27,6
15348,51,2022-04-27,6
15367,106,2022-04-27,6
15408,57,2022-04-27,6
15420,1312,2022-04-27,6
15431,24,2022-04-28,6
15438,553,2022-04-28,6
15441,925,2022-04-28,6
15444,7,2022-04-28,6
15457,279,2022-04-28,6
15461,515,2022-04-28,6
15478,85,2022-04-28,6
15490,125,2022-04-28,6
15493,26,2022-04-28,6
15500,38,2022-04-28,6
15511,1291,2022-04-28,6
15516,451,2022-04-28,6
15518,184,2022-04-28,6
15537,1295,2022-04-28,6
15541,726,2022-04-28,6
15545,202,2022-04-28,6
15560,93,2022-04-28,6
15602,983,2022-04-28,6
15604,80,2022-04-28,6
15607,840,2022-04-28,6
15624,620,2022-04-28,6
15625,303,2022-04-28,6
15629,95,2022-04-28,6
15637,999,2022-04-28,6
15639,101,2022-04-28,6
15648,108,2022-04-28,6
15677,649,2022-04-28,6
15687,6,2022-04-28,6
15698,285,2022-04-28,6
15701,77,2022-04-28,6
15705,139,2022-04-28,6
15715,188,2022-04-28,6
15719,20,2022-04-28,6
15781,185,2022-04-28,6
15782,42,2022-04-28,6
15789,130,2022-04-28,6
15799,102,2022-04-28,6
15821,83,2022-04-28,6
15837,57,2022-04-28,6
15842,382,2022-04-28,6
15843,1226,2022-04-28,6
15846,68,2022-04-28,6
15861,14,2022-04-28,6
15876,704,2022-04-28,6
15888,51,2022-04-29,6
15894,548,2022-04-29,6
15898,170,2022-04-29,6
15902,24,2022-04-29,6
15922,7,2022-04-29,6
15931,1488,2022-04-29,6
15932,80,2022-04-29,6
15935,117,2022-04-29,6
15939,352,2022-04-29,6
15944,4,2022-04-29,6
15947,472,2022-04-29,6
15954,34,2022-04-29,6
15955,388,2022-04-29,6
15959,171,2022-04-29,6
15969,1180,2022-04-29,6
15972,125,2022-04-29,6
15976,1341,2022-04-29,6
15981,424,2022-04-29,6
15983,67,2022-04-29,6
15985,726,2022-04-29,6
15988,285,2022-04-29,6
15993,209,2022-04-29,6
16006,286,2022-04-29,6
16011,11,2022-04-29,6
16030,6,2022-04-29,6
16032,14,2022-04-29,6
16035,55,2022-04-29,6
16036,661,2022-04-29,6
16052,1058,2022-04-29,6
16058,240,2022-04-29,6
16059,54,2022-04-29,6
16064,185,2022-04-29,6
16078,342,2022-04-29,6
16094,1168,2022-04-29,6
16095,20,2022-04-29,6
16098,56,2022-04-29,6
16100,59,2022-04-29,6
16110,46,2022-04-29,6
16118,83,2022-04-29,6
16125,130,2022-04-29,6
16127,68,2022-04-29,6
16153,30,2022-04-29,6
16174,139,2022-04-29,6
16177,416,2022-04-29,6
16246,41,2022-04-29,6
16264,547,2022-04-29,6
16270,112,2022-04-29,6
16272,574,2022-04-30,6
16280,80,2022-04-30,6
16285,6,2022-04-30,6
16286,87,2022-04-30,6
16290,1270,2022-04-30,6
16307,884,2022-04-30,6
16314,600,2022-04-30,6
16317,638,2022-04-30,6
16322,308,2022-04-30,6
16337,529,2022-05-01,6
16345,7,2022-05-01,6
16351,294,2022-05-01,6
16352,155,2022-05-01,6
16357,600,2022-05-01,6
16361,111,2022-05-01,6
16374,884,2022-05-02,6
16376,1121,2022-05-02,6
16386,24,2022-05-02,6
16387,4,2022-05-02,6
16388,168,2022-05-02,6
16390,7,2022-05-02,6
16397,294,2022-05-02,6
16407,87,2022-05-02,6
16416,252,2022-05-02,6
16420,5,2022-05-02,6
16421,51,2022-05-02,6
16422,651,2022-05-02,6
16428,1366,2022-05-02,6
16476,1210,2022-05-02,6
16477,388,2022-05-02,6
16486,80,2022-05-02,6
16512,445,2022-05-02,6
16518,130,2022-05-02,6
16528,524,2022-05-02,6
16541,14,2022-05-02,6
16543,231,2022-05-02,6
16546,589,2022-05-02,6
16549,170,2022-05-02,6
16580,302,2022-05-02,6
16593,436,2022-05-02,6
16597,240,2022-05-02,6
16600,20,2022-05-02,6
16686,47,2022-05-02,6
16688,446,2022-05-02,6
16699,1292,2022-05-02,6
16700,11,2022-05-02,6
16706,132,2022-05-02,6
16727,416,2022-05-02,6
16730,57,2022-05-02,6
16746,600,2022-05-02,6
16751,53,2022-05-02,6
16772,1262,2022-05-02,6
16826,223,2022-05-02,6
16829,1384,2022-05-02,6
16849,50,2022-05-02,6
16897,851,2022-05-02,6
16909,128,2022-05-02,6
16914,1383,2022-05-02,6
16929,269,2022-05-03,7
16949,59,2022-05-03,7
16974,57,2022-05-03,7
16993,1329,2022-05-03,7
16999,1027,2022-05-03,7
17000,947,2022-05-03,7
17002,1210,2022-05-03,7
17007,295,2022-05-03,7
17023,36,2022-05-03,7
17025,89,2022-05-03,7
17079,991,2022-05-03,7
17083,77,2022-05-03,7
17091,240,2022-05-03,7
17093,101,2022-05-03,7
17104,166,2022-05-03,7
17111,1414,2022-05-03,7
17115,614,2022-05-03,7
17133,65,2022-05-03,7
17139,225,2022-05-03,7
17147,1098,2022-05-03,7
17153,255,2022-05-03,7
17157,481,2022-05-03,7
17167,158,2022-05-03,7
17183,68,2022-05-03,7
17203,108,2022-05-03,7
17217,20,2022-05-03,7
17247,189,2022-05-03,7
17248,124,2022-05-03,7
17259,64,2022-05-03,7
17319,387,2022-05-03,7
17323,619,2022-05-03,7
17324,291,2022-05-03,7
17329,440,2022-05-03,7
17354,418,2022-05-03,7
17365,352,2022-05-03,7
17375,170,2022-05-04,7
17394,241,2022-05-04,7
17399,967,2022-05-04,7
17412,87,2022-05-04,7
17435,148,2022-05-04,7
17469,22,2022-05-04,7
17472,89,2022-05-04,7
17479,388,2022-05-04,7
17495,15,2022-05-04,7
17509,33,2022-05-04,7
17513,36,2022-05-04,7
17548,184,2022-05-04,7
17559,101,2022-05-04,7
17581,25,2022-05-04,7
17582,445,2022-05-04,7
17583,929,2022-05-04,7
17604,312,2022-05-04,7
17608,316,2022-05-04,7
17616,246,2022-05-04,7
17630,47,2022-05-04,7
17633,859,2022-05-04,7
17641,77,2022-05-04,7
17654,387,2022-05-04,7
17707,347,2022-05-04,7
17711,118,2022-05-04,7
17716,130,2022-05-04,7
17723,446,2022-05-04,7
17732,1487,2022-05-04,7
17736,166,2022-05-04,7
17764,68,2022-05-04,7
17767,1290,2022-05-04,7
17795,279,2022-05-05,7
17801,24,2022-05-05,7
17820,970,2022-05-05,7
17823,126,2022-05-05,7
17848,1152,2022-05-05,7
17854,1288,2022-05-05,7
17856,7,2022-05-05,7
17860,271,2022-05-05,7
17865,626,2022-05-05,7
17867,589,2022-05-05,7
17868,115,2022-05-05,7
17872,261,2022-05-05,7
17908,168,2022-05-05,7
17911,148,2022-05-05,7
17918,316,2022-05-05,7
17927,221,2022-05-05,7
17929,121,2022-05-05,7
17936,210,2022-05-05,7
17941,6,2022-05-05,7
17944,377,2022-05-05,7
17953,342,2022-05-05,7
17972,1120,2022-05-05,7
17979,812,2022-05-05,7
18009,213,2022-05-05,7
18019,170,2022-05-05,7
18025,56,2022-05-05,7
18038,51,2022-05-05,7
18047,101,2022-05-05,7
18055,246,2022-05-05,7
18056,285,2022-05-05,7
18068,382,2022-05-05,7
18069,57,2022-05-05,7
18088,225,2022-05-05,7
18105,167,2022-05-05,7
18112,242,2022-05-05,7
18115,2,2022-05-05,7
18123,174,2022-05-05,7
18140,1444,2022-05-05,7
18141,798,2022-05-06,7
18142,6,2022-05-06,7
18149,27,2022-05-06,7
18152,917,2022-05-06,7
18157,187,2022-05-06,7
18185,80,2022-05-06,7
18189,93,2022-05-06,7
18191,610,2022-05-06,7
18192,224,2022-05-06,7
18215,842,2022-05-06,7
18219,54,2022-05-06,7
18228,184,2022-05-06,7
18235,379,2022-05-06,7
18248,1065,2022-05-06,7
18258,954,2022-05-06,7
18260,38,2022-05-06,7
18277,951,2022-05-06,7
18278,425,2022-05-06,7
18289,34,2022-05-06,7
18292,2,2022-05-06,7
18307,360,2022-05-06,7
18330,89,2022-05-06,7
18356,1497,2022-05-06,7
18360,401,2022-05-06,7
18370,734,2022-05-06,7
18373,130,2022-05-06,7
18377,991,2022-05-06,7
18387,137,2022-05-06,7
18411,433,2022-05-06,7
18419,115,2022-05-06,7
18422,225,2022-05-06,7
18432,56,2022-05-06,7
18433,57,2022-05-06,7
18443,20,2022-05-06,7
18471,291,2022-05-06,7
18476,1526,2022-05-06,7
18484,287,2022-05-06,7
18485,213,2022-05-06,7
18516,68,2022-05-06,7
18556,47,2022-05-06,7
18558,264,2022-05-06,7
18581,804,2022-05-07,7
18591,27,2022-05-07,7
18597,1044,2022-05-07,7
18598,1473,2022-05-07,7
18601,519,2022-05-07,7
18603,411,2022-05-07,7
18609,155,2022-05-07,7
18610,569,2022-05-07,7
18615,529,2022-05-07,7
18618,96,2022-05-07,7
18629,1490,2022-05-07,7
18631,261,2022-05-07,7
18633,95,2022-05-08,7
18641,142,2022-05-08,7
18674,7,2022-05-08,7
18676,445,2022-05-08,7
18679,646,2022-05-08,7
18682,803,2022-05-08,7
18687,548,2022-05-08,7
18703,168,2022-05-08,7
18706,377,2022-05-08,7
18711,308,2022-05-08,7
18713,1019,2022-05-08,7
18715,1204,2022-05-08,7
18720,191,2022-05-08,7
18736,132,2022-05-08,7
18757,68,2022-05-08,7
18771,488,2022-05-09,7
18774,548,2022-05-09,7
18777,1321,2022-05-09,7
18783,11,2022-05-09,7
18804,4,2022-05-09,7
18839,19,2022-05-09,7
18845,250,2022-05-09,7
18851,82,2022-05-09,7
18879,779,2022-05-09,7
18881,512,2022-05-09,7
18898,12,2022-05-09,7
18907,46,2022-05-09,7
18914,137,2022-05-09,7
18927,83,2022-05-09,7
18928,42,2022-05-09,7
18932,163,2022-05-09,7
18947,397,2022-05-09,7
18949,127,2022-05-09,7
18960,64,2022-05-09,7
18963,818,2022-05-09,7
18973,2,2022-05-09,7
18986,134,2022-05-09,7
19002,187,2022-05-09,7
19004,20,2022-05-09,7
19009,168,2022-05-09,7
19016,68,2022-05-09,7
19034,56,2022-05-09,7
19039,1196,2022-05-09,7
19053,167,2022-05-09,7
19105,370,2022-05-09,7
19119,30,2022-05-09,7
19128,151,2022-05-09,7
19162,1136,2022-05-09,7
19194,1327,2022-05-10,8
19214,247,2022-05-10,8
19215,12,2022-05-10,8
19238,634,2022-05-10,8
19252,779,2022-05-10,8
19266,1302,2022-05-10,8
19272,1468,2022-05-10,8
19286,33,2022-05-10,8
19292,85,2022-05-10,8
19293,27,2022-05-10,8
19317,168,2022-05-10,8
19318,688,2022-05-10,8
19319,68,2022-05-10,8
19327,5,2022-05-10,8
19329,69,2022-05-10,8
19346,380,2022-05-10,8
19352,374,2022-05-10,8
19359,589,2022-05-10,8
19363,414,2022-05-10,8
19367,142,2022-05-10,8
19374,148,2022-05-10,8
19384,38,2022-05-10,8
19387,80,2022-05-10,8
19388,320,2022-05-10,8
19392,14,2022-05-10,8
19418,596,2022-05-10,8
19424,108,2022-05-10,8
19433,285,2022-05-10,8
19458,79,2022-05-10,8
19467,109,2022-05-10,8
19468,278,2022-05-10,8
19473,8,2022-05-10,8
19485,89,2022-05-10,8
19488,42,2022-05-10,8
19492,187,2022-05-10,8
19502,206,2022-05-10,8
19511,555,2022-05-10,8
19546,432,2022-05-10,8
19568,166,2022-05-10,8
19576,210,2022-05-10,8
19581,57,2022-05-10,8
19597,64,2022-05-10,8
19643,22,2022-05-10,8
19707,20,2022-05-10,8
19720,47,2022-05-10,8
19724,1126,2022-05-10,8
19727,304,2022-05-11,8
19731,12,2022-05-11,8
19741,451,2022-05-11,8
19752,572,2022-05-11,8
19761,422,2022-05-11,8
19791,1087,2022-05-11,8
19800,318,2022-05-11,8
19818,507,2022-05-11,8
19822,712,2022-05-11,8
19845,7,2022-05-11,8
19846,27,2022-05-11,8
19851,542,2022-05-11,8
19859,345,2022-05-11,8
19870,22,2022-05-11,8
19888,69,2022-05-11,8
19900,1314,2022-05-11,8
19911,779,2022-05-11,8
19914,119,2022-05-11,8
19927,42,2022-05-11,8
19937,1194,2022-05-11,8
19938,249,2022-05-11,8
19940,184,2022-05-11,8
19947,5,2022-05-11,8
19956,185,2022-05-11,8
19957,57,2022-05-11,8
19960,177,2022-05-11,8
19972,68,2022-05-11,8
20007,188,2022-05-11,8
20010,77,2022-05-11,8
20013,333,2022-05-11,8
20061,1040,2022-05-11,8
20062,362,2022-05-11,8
20081,458,2022-05-11,8
20090,108,2022-05-11,8
20103,244,2022-05-11,8
20109,30,2022-05-11,8
20120,636,2022-05-11,8
20143,1376,2022-05-11,8
20156,50,2022-05-11,8
20164,20,2022-05-11,8
20173,382,2022-05-11,8
20190,797,2022-05-11,8
20192,882,2022-05-11,8
20203,388,2022-05-12,8
20205,422,2022-05-12,8
20208,27,2022-05-12,8
20221,905,2022-05-12,8
20229,24,2022-05-12,8
20230,1153,2022-05-12,8
20232,1343,2022-05-12,8
20233,42,2022-05-12,8
20241,670,2022-05-12,8
20248,184,2022-05-12,8
20255,80,2022-05-12,8
20263,125,2022-05-12,8
20264,115,2022-05-12,8
20285,9,2022-05-12,8
20288,512,2022-05-12,8
20303,328,2022-05-12,8
20306,610,2022-05-12,8
20310,589,2022-05-12,8
20313,19,2022-05-12,8
20318,94,2022-05-12,8
20321,11,2022-05-12,8
20329,34,2022-05-12,8
20330,295,2022-05-12,8
20333,1082,2022-05-12,8
20361,198,2022-05-12,8
20375,1029,2022-05-12,8
20382,68,2022-05-12,8
20398,1199,2022-05-12,8
20399,110,2022-05-12,8
20403,4,2022-05-12,8
20407,413,2022-05-12,8
20418,148,2022-05-12,8
20420,6,2022-05-12,8
20425,425,2022-05-12,8
20429,1181,2022-05-12,8
20434,496,2022-05-12,8
20435,469,2022-05-12,8
20440,69,2022-05-12,8
20441,121,2022-05-12,8
20447,101,2022-05-12,8
20448,30,2022-05-12,8
20458,22,2022-05-12,8
20471,75,2022-05-12,8
20479,43,2022-05-12,8
20488,108,2022-05-12,8
20491,147,2022-05-12,8
20507,434,2022-05-12,8
20546,46,2022-05-12,8
20572,67,2022-05-12,8
20574,912,2022-05-12,8
20589,5,2022-05-12,8
20591,56,2022-05-12,8
20592,57,2022-05-12,8
20618,83,2022-05-12,8
20619,291,2022-05-12,8
20626,416,2022-05-12,8
20656,287,2022-05-12,8
20674,2,2022-05-12,8
20675,20,2022-05-12,8
20679,1425,2022-05-12,8
20690,81,2022-05-12,8
20706,295,2022-05-13,8
20714,108,2022-05-13,8
20720,388,2022-05-13,8
20727,51,2022-05-13,8
20728,111,2022-05-13,8
20729,80,2022-05-13,8
20739,496,2022-05-13,8
20741,183,2022-05-13,8
20743,438,2022-05-13,8
20746,772,2022-05-13,8
20747,5,2022-05-13,8
20760,518,2022-05-13,8
20764,121,2022-05-13,8
20768,68,2022-05-13,8
20770,410,2022-05-13,8
20776,693,2022-05-13,8
20777,943,2022-05-13,8
20782,397,2022-05-13,8
20783,89,2022-05-13,8
20788,1295,2022-05-13,8
20794,553,2022-05-13,8
20813,125,2022-05-13,8
20819,572,2022-05-13,8
20821,425,2022-05-13,8
20823,621,2022-05-13,8
20824,899,2022-05-13,8
20844,126,2022-05-13,8
20853,150,2022-05-13,8
20857,2,2022-05-13,8
20861,119,2022-05-13,8
20909,513,2022-05-13,8
20920,579,2022-05-13,8
20946,158,2022-05-13,8
20949,88,2022-05-13,8
20954,379,2022-05-13,8
20957,30,2022-05-13,8
20973,223,2022-05-13,8
20978,239,2022-05-13,8
20989,863,2022-05-13,8
20996,187,2022-05-13,8
21003,174,2022-05-13,8
21009,130,2022-05-13,8
21014,382,2022-05-13,8
21020,134,2022-05-13,8
21026,53,2022-05-13,8
21039,42,2022-05-13,8
21060,253,2022-05-13,8
21064,20,2022-05-13,8
21069,41,2022-05-13,8
21081,1500,2022-05-14,8
21083,183,2022-05-14,8
21100,80,2022-05-14,8
21106,837,2022-05-14,8
21118,254,2022-05-14,8
21163,127,2022-05-14,8
21164,1204,2022-05-14,8
21169,168,2022-05-14,8
21174,1513,2022-05-14,8
21180,1116,2022-05-14,8
21184,1502,2022-05-15,8
21186,155,2022-05-15,8
21187,72,2022-05-15,8
21199,787,2022-05-15,8
21267,77,2022-05-15,8
21332,260,2022-05-15,8
21337,615,2022-05-15,8
21345,318,2022-05-15,8
21349,92,2022-05-15,8
21365,1391,2022-05-15,8
21366,778,2022-05-15,8
21399,168,2022-05-15,8
21403,67,2022-05-15,8
21404,253,2022-05-15,8
21412,479,2022-05-15,8
21415,406,2022-05-15,8
21418,158,2022-05-15,8
21437,1434,2022-05-16,8
21440,82,2022-05-16,8
21472,19,2022-05-16,8
21481,95,2022-05-16,8
21489,477,2022-05-16,8
21491,2,2022-05-16,8
21504,9,2022-05-16,8
21507,168,2022-05-16,8
21509,32,2022-05-16,8
21516,7,2022-05-16,8
21517,80,2022-05-16,8
21527,111,2022-05-16,8
21529,779,2022-05-16,8
21553,36,2022-05-16,8
21568,422,2022-05-16,8
21614,496,2022-05-16,8
21617,280,2022-05-16,8
21621,1062,2022-05-16,8
21623,184,2022-05-16,8
21630,231,2022-05-16,8
21639,152,2022-05-16,8
21647,159,2022-05-16,8
21648,89,2022-05-16,8
21666,210,2022-05-16,8
21689,591,2022-05-16,8
21718,301,2022-05-16,8
21724,1234,2022-05-16,8
21730,252,2022-05-16,8
21736,158,2022-05-16,8
21742,163,2022-05-16,8
21745,5,2022-05-16,8
21758,149,2022-05-16,8
21776,42,2022-05-16,8
21779,130,2022-05-16,8
21782,187,2022-05-16,8
21791,287,2022-05-16,8
21815,83,2022-05-16,8
21847,734,2022-05-16,8
21850,479,2022-05-16,8
21870,189,2022-05-16,8
21884,420,2022-05-16,8
21935,178,2022-05-16,8
21936,276,2022-05-16,8
21958,30,2022-05-16,8
21979,13,2022-05-16,8
21981,458,2022-05-16,8
21998,253,2022-05-16,8
22000,57,2022-05-16,8
22008,108,2022-05-16,8
22012,76,2022-05-16,8
22017,976,2022-05-17,9
22019,12,2022-05-17,9
22023,797,2022-05-17,9
22029,134,2022-05-17,9
22033,626,2022-05-17,9
22036,48,2022-05-17,9
22038,1227,2022-05-17,9
22042,197,2022-05-17,9
22043,518,2022-05-17,9
22059,74,2022-05-17,9
22088,6,2022-05-17,9
22090,32,2022-05-17,9
22096,77,2022-05-17,9
22098,779,2022-05-17,9
22105,221,2022-05-17,9
22107,183,2022-05-17,9
22110,15,2022-05-17,9
22113,986,2022-05-17,9
22114,33,2022-05-17,9
22121,1316,2022-05-17,9
22126,152,2022-05-17,9
22132,662,2022-05-17,9
22143,635,2022-05-17,9
22148,5,2022-05-17,9
22154,591,2022-05-17,9
22155,1163,2022-05-17,9
22164,589,2022-05-17,9
22167,553,2022-05-17,9
22171,1475,2022-05-17,9
22184,1367,2022-05-17,9
22186,425,2022-05-17,9
22189,1,2022-05-17,9
22210,68,2022-05-17,9
22221,54,2022-05-17,9
22237,85,2022-05-17,9
22240,1519,2022-05-17,9
22253,34,2022-05-17,9
22256,1231,2022-05-17,9
22264,1021,2022-05-17,9
22267,382,2022-05-17,9
22281,328,2022-05-17,9
22285,807,2022-05-17,9
22294,240,2022-05-17,9
22303,25,2022-05-17,9
22305,69,2022-05-17,9
22322,336,2022-05-17,9
22330,59,2022-05-17,9
22332,916,2022-05-17,9
22352,266,2022-05-17,9
22355,56,2022-05-17,9
22360,244,2022-05-17,9
22375,97,2022-05-17,9
22380,22,2022-05-17,9
22397,1127,2022-05-17,9
22416,130,2022-05-17,9
22426,42,2022-05-17,9
22436,108,2022-05-17,9
22445,606,2022-05-17,9
22446,170,2022-05-17,9
22493,2,2022-05-17,9
22504,367,2022-05-17,9
22505,159,2022-05-17,9
22510,187,2022-05-17,9
22535,291,2022-05-17,9
22550,619,2022-05-17,9
22555,555,2022-05-17,9
22605,1495,2022-05-17,9
22606,391,2022-05-17,9
22643,269,2022-05-17,9
22655,124,2022-05-17,9
22680,163,2022-05-18,9
22688,1125,2022-05-18,9
22689,295,2022-05-18,9
22693,99,2022-05-18,9
22696,51,2022-05-18,9
22698,187,2022-05-18,9
22711,303,2022-05-18,9
22728,1332,2022-05-18,9
22732,1066,2022-05-18,9
22745,591,2022-05-18,9
22755,27,2022-05-18,9
22758,531,2022-05-18,9
22768,441,2022-05-18,9
22770,285,2022-05-18,9
22773,33,2022-05-18,9
22782,5,2022-05-18,9
22814,385,2022-05-18,9
22826,72,2022-05-18,9
22857,6,2022-05-18,9
22871,628,2022-05-18,9
22874,15,2022-05-18,9
22894,82,2022-05-18,9
22917,133,2022-05-18,9
22963,666,2022-05-18,9
23020,267,2022-05-18,9
23075,89,2022-05-18,9
23077,80,2022-05-18,9
23105,260,2022-05-18,9
23168,594,2022-05-18,9
23174,376,2022-05-18,9
23192,332,2022-05-18,9
23193,77,2022-05-18,9
23222,126,2022-05-18,9
23235,109,2022-05-18,9
23253,48,2022-05-18,9
23274,97,2022-05-18,9
23279,244,2022-05-18,9
23283,215,2022-05-18,9
23294,59,2022-05-18,9
23318,50,2022-05-18,9
23321,75,2022-05-18,9
23325,30,2022-05-18,9
23336,42,2022-05-18,9
23358,1361,2022-05-18,9
23364,991,2022-05-18,9
23371,124,2022-05-18,9
23373,108,2022-05-18,9
23390,718,2022-05-18,9
23399,2,2022-05-18,9
23401,253,2022-05-18,9
23414,20,2022-05-18,9
23418,344,2022-05-18,9
23463,269,2022-05-18,9
23478,165,2022-05-18,9
23481,162,2022-05-18,9
23496,626,2022-05-19,9
23507,1024,2022-05-19,9
23509,594,2022-05-19,9
23511,35,2022-05-19,9
23514,82,2022-05-19,9
23522,997,2022-05-19,9
23525,1039,2022-05-19,9
23545,7,2022-05-19,9
23561,591,2022-05-19,9
23598,88,2022-05-19,9
23608,318,2022-05-19,9
23618,33,2022-05-19,9
23624,80,2022-05-19,9
23626,677,2022-05-19,9
23639,34,2022-05-19,9
23651,51,2022-05-19,9
23661,32,2022-05-19,9
23675,1304,2022-05-19,9
23695,12,2022-05-19,9
23723,188,2022-05-19,9
23726,840,2022-05-19,9
23752,124,2022-05-19,9
23762,121,2022-05-19,9
23777,118,2022-05-19,9
23781,158,2022-05-19,9
23782,1263,2022-05-19,9
23796,85,2022-05-19,9
23798,147,2022-05-19,9
23834,385,2022-05-19,9
23835,20,2022-05-19,9
23851,165,2022-05-19,9
23855,57,2022-05-19,9
23861,185,2022-05-19,9
23869,8,2022-05-19,9
23885,630,2022-05-19,9
23892,127,2022-05-19,9
23907,108,2022-05-19,9
23914,2,2022-05-19,9
23919,42,2022-05-19,9
23928,325,2022-05-19,9
23942,870,2022-05-19,9
23946,463,2022-05-19,9
23968,387,2022-05-19,9
23990,22,2022-05-19,9
23999,1294,2022-05-20,9
24004,24,2022-05-20,9
24024,7,2022-05-20,9
24031,1323,2022-05-20,9
24032,215,2022-05-20,9
24033,42,2022-05-20,9
24035,628,2022-05-20,9
24038,168,2022-05-20,9
24048,51,2022-05-20,9
24058,827,2022-05-20,9
24064,279,2022-05-20,9
24067,190,2022-05-20,9
24069,342,2022-05-20,9
24074,1160,2022-05-20,9
24080,54,2022-05-20,9
24082,148,2022-05-20,9
24084,194,2022-05-20,9
24102,577,2022-05-20,9
24123,614,2022-05-20,9
24126,591,2022-05-20,9
24129,125,2022-05-20,9
24146,987,2022-05-20,9
24147,229,2022-05-20,9
24160,602,2022-05-20,9
24165,79,2022-05-20,9
24166,70,2022-05-20,9
24170,68,2022-05-20,9
24172,121,2022-05-20,9
24185,5,2022-05-20,9
24192,1042,2022-05-20,9
24202,911,2022-05-20,9
24208,408,2022-05-20,9
24216,708,2022-05-20,9
24238,261,2022-05-20,9
24247,2,2022-05-20,9
24252,88,2022-05-20,9
24257,85,2022-05-20,9
24282,80,2022-05-20,9
24291,640,2022-05-20,9
24295,165,2022-05-20,9
24312,170,2022-05-20,9
24348,22,2022-05-20,9
24355,108,2022-05-20,9
24358,185,2022-05-20,9
24370,492,2022-05-20,9
24387,432,2022-05-20,9
24401,266,2022-05-20,9
24406,269,2022-05-20,9
24410,223,2022-05-20,9
24419,888,2022-05-20,9
24424,50,2022-05-20,9
24467,953,2022-05-20,9
24480,134,2022-05-21,9
24485,1313,2022-05-21,9
24508,155,2022-05-21,9
24509,1052,2022-05-21,9
24514,83,2022-05-21,9
24516,366,2022-05-21,9
24522,591,2022-05-21,9
24526,266,2022-05-21,9
24538,114,2022-05-21,9
24543,127,2022-05-21,9
24548,1375,2022-05-21,9
24549,108,2022-05-21,9
24554,471,2022-05-21,9
24561,219,2022-05-21,9
24565,1079,2022-05-21,9
24567,957,2022-05-21,9
24570,963,2022-05-21,9
24572,1200,2022-05-21,9
24576,811,2022-05-21,9
24582,573,2022-05-21,9
24583,1128,2022-05-21,9
24589,1073,2022-05-21,9
24591,1016,2022-05-21,9
24594,1362,2022-05-21,9
24598,1299,2022-05-21,9
24611,1172,2022-05-21,9
24613,601,2022-05-21,9
24632,203,2022-05-21,9
24634,685,2022-05-21,9
24649,320,2022-05-21,9
24656,1140,2022-05-21,9
24669,249,2022-05-21,9
24680,216,2022-05-22,9
24688,614,2022-05-22,9
24699,252,2022-05-22,9
24704,1265,2022-05-22,9
24710,1386,2022-05-22,9
24726,6,2022-05-22,9
24735,57,2022-05-22,9
24737,89,2022-05-22,9
24740,249,2022-05-22,9
24762,425,2022-05-22,9
24765,1063,2022-05-22,9
24769,1134,2022-05-23,9
24771,282,2022-05-23,9
24790,82,2022-05-23,9
24814,295,2022-05-23,9
24850,458,2022-05-23,9
24863,591,2022-05-23,9
24873,328,2022-05-23,9
24877,610,2022-05-23,9
24886,184,2022-05-23,9
24905,168,2022-05-23,9
24915,279,2022-05-23,9
24928,984,2022-05-23,9
24931,22,2022-05-23,9
24940,93,2022-05-23,9
24946,15,2022-05-23,9
24949,314,2022-05-23,9
24970,246,2022-05-23,9
24973,2,2022-05-23,9
24982,108,2022-05-23,9
24995,42,2022-05-23,9
25009,513,2022-05-23,9
25016,219,2022-05-23,9
25018,414,2022-05-23,9
25027,425,2022-05-23,9
25028,464,2022-05-23,9
25036,432,2022-05-23,9
25040,249,2022-05-23,9
25049,77,2022-05-23,9
25059,79,2022-05-23,9
25063,134,2022-05-23,9
25084,225,2022-05-23,9
25093,75,2022-05-23,9
25094,333,2022-05-23,9
25173,434,2022-05-23,9
25197,56,2022-05-23,9
25207,266,2022-05-23,9
25213,1412,2022-05-23,9
25223,30,2022-05-23,9
25237,426,2022-05-23,9
25273,1407,2022-05-24,10
25275,108,2022-05-24,10
25276,693,2022-05-24,10
25280,282,2022-05-24,10
25281,388,2022-05-24,10
25284,247,2022-05-24,10
25314,103,2022-05-24,10
25323,1030,2022-05-24,10
25324,236,2022-05-24,10
25328,1094,2022-05-24,10
25369,553,2022-05-24,10
25376,194,2022-05-24,10
25393,15,2022-05-24,10
25402,1198,2022-05-24,10
25404,614,2022-05-24,10
25419,507,2022-05-24,10
25430,80,2022-05-24,10
25433,93,2022-05-24,10
25438,56,2022-05-24,10
25441,140,2022-05-24,10
25445,244,2022-05-24,10
25463,234,2022-05-24,10
25473,661,2022-05-24,10
25474,142,2022-05-24,10
25501,2,2022-05-24,10
25506,42,2022-05-24,10
25518,718,2022-05-24,10
25520,446,2022-05-24,10
25523,5,2022-05-24,10
25525,382,2022-05-24,10
25527,496,2022-05-24,10
25592,68,2022-05-24,10
25601,313,2022-05-24,10
25622,886,2022-05-24,10
25624,233,2022-05-24,10
25626,261,2022-05-24,10
25644,102,2022-05-24,10
25652,158,2022-05-24,10
25664,436,2022-05-24,10
25671,30,2022-05-24,10
25734,69,2022-05-24,10
25762,124,2022-05-24,10
25768,1236,2022-05-24,10
25782,185,2022-05-25,10
25788,1244,2022-05-25,10
25789,330,2022-05-25,10
25790,864,2022-05-25,10
25793,1436,2022-05-25,10
25795,762,2022-05-25,10
25809,1010,2022-05-25,10
25812,16,2022-05-25,10
25816,1080,2022-05-25,10
25821,845,2022-05-25,10
25822,369,2022-05-25,10
25833,1418,2022-05-25,10
25837,24,2022-05-25,10
25841,1469,2022-05-25,10
25843,7,2022-05-25,10
25853,51,2022-05-25,10
25854,80,2022-05-25,10
25859,553,2022-05-25,10
25862,328,2022-05-25,10
25870,93,2022-05-25,10
25872,129,2022-05-25,10
25874,22,2022-05-25,10
25885,194,2022-05-25,10
25887,667,2022-05-25,10
25891,168,2022-05-25,10
25894,252,2022-05-25,10
25906,69,2022-05-25,10
25909,1420,2022-05-25,10
25910,36,2022-05-25,10
25918,231,2022-05-25,10
25919,295,2022-05-25,10
25930,2,2022-05-25,10
25941,493,2022-05-25,10
25945,47,2022-05-25,10
25949,12,2022-05-25,10
25975,163,2022-05-25,10
26003,148,2022-05-25,10
26006,106,2022-05-25,10
26014,112,2022-05-25,10
26070,1032,2022-05-25,10
26096,115,2022-05-25,10
26105,210,2022-05-25,10
26121,118,2022-05-25,10
26139,189,2022-05-25,10
26148,859,2022-05-25,10
26149,414,2022-05-25,10
26159,314,2022-05-25,10
26172,130,2022-05-25,10
26180,1072,2022-05-25,10
26183,13,2022-05-25,10
26221,30,2022-05-25,10
26233,57,2022-05-25,10
26234,77,2022-05-25,10
26246,187,2022-05-25,10
26250,678,2022-05-25,10
26260,776,2022-05-25,10
26261,134,2022-05-25,10
26264,233,2022-05-25,10
26278,332,2022-05-25,10
26306,76,2022-05-26,10
26319,12,2022-05-26,10
26328,380,2022-05-26,10
26330,702,2022-05-26,10
26343,1356,2022-05-26,10
26348,1219,2022-05-26,10
26372,265,2022-05-26,10
26379,1086,2022-05-26,10
26384,7,2022-05-26,10
26387,6,2022-05-26,10
26417,184,2022-05-26,10
26433,815,2022-05-26,10
26435,640,2022-05-26,10
26444,303,2022-05-26,10
26449,188,2022-05-26,10
26455,142,2022-05-26,10
26456,2,2022-05-26,10
26475,168,2022-05-26,10
26478,761,2022-05-26,10
26480,68,2022-05-26,10
26530,233,2022-05-26,10
26560,47,2022-05-26,10
26577,42,2022-05-26,10
26583,22,2022-05-26,10
26586,287,2022-05-26,10
26599,416,2022-05-26,10
26608,174,2022-05-26,10
26614,75,2022-05-26,10
26620,261,2022-05-26,10
26625,57,2022-05-26,10
26627,48,2022-05-26,10
26636,246,2022-05-26,10
26637,333,2022-05-26,10
26638,367,2022-05-26,10
26644,50,2022-05-26,10
26652,577,2022-05-26,10
26656,127,2022-05-26,10
26664,115,2022-05-26,10
26687,244,2022-05-26,10
26689,1431,2022-05-26,10
26695,1005,2022-05-26,10
26711,647,2022-05-26,10
26717,1187,2022-05-27,10
26718,132,2022-05-27,10
26747,12,2022-05-27,10
26749,200,2022-05-27,10
26756,121,2022-05-27,10
26772,224,2022-05-27,10
26778,682,2022-05-27,10
26785,7,2022-05-27,10
26806,894,2022-05-27,10
26817,688,2022-05-27,10
26830,11,2022-05-27,10
26837,292,2022-05-27,10
26844,1158,2022-05-27,10
26860,848,2022-05-27,10
26907,337,2022-05-27,10
26908,100,2022-05-27,10
26916,221,2022-05-27,10
26938,4,2022-05-27,10
26943,589,2022-05-27,10
26953,2,2022-05-27,10
26963,461,2022-05-27,10
26998,321,2022-05-27,10
27003,163,2022-05-27,10
27019,1336,2022-05-27,10
27039,168,2022-05-27,10
27106,13,2022-05-27,10
27117,135,2022-05-27,10
27122,57,2022-05-27,10
27154,75,2022-05-27,10
27218,521,2022-05-27,10
27244,134,2022-05-27,10
27246,338,2022-05-28,10
27259,521,2022-05-28,10
27260,529,2022-05-28,10
27305,535,2022-05-28,10
27308,672,2022-05-28,10
27313,59,2022-05-28,10
27326,2,2022-05-28,10
27335,1011,2022-05-28,10
27353,287,2022-05-28,10
27361,154,2022-05-28,10
27369,1239,2022-05-29,10
27374,1243,2022-05-29,10
27395,121,2022-05-29,10
27408,36,2022-05-29,10
27409,249,2022-05-29,10
27412,80,2022-05-29,10
27414,7,2022-05-29,10
27421,1318,2022-05-29,10
27425,1214,2022-05-29,10
27428,913,2022-05-29,10
27434,373,2022-05-29,10
27435,204,2022-05-29,10
27449,16,2022-05-29,10
27463,396,2022-05-30,10
27471,12,2022-05-30,10
27482,369,2022-05-30,10
27489,24,2022-05-30,10
27512,399,2022-05-30,10
27515,553,2022-05-30,10
27516,570,2022-05-30,10
27519,6,2022-05-30,10
27523,952,2022-05-30,10
27533,7,2022-05-30,10
27539,11,2022-05-30,10
27546,529,2022-05-30,10
27557,34,2022-05-30,10
27576,195,2022-05-30,10
27581,1410,2022-05-30,10
27597,626,2022-05-30,10
27605,425,2022-05-30,10
27634,1428,2022-05-30,10
27645,759,2022-05-30,10
27669,761,2022-05-30,10
27673,42,2022-05-30,10
27678,323,2022-05-30,10
27680,159,2022-05-30,10
27698,110,2022-05-30,10
27722,185,2022-05-30,10
27726,60,2022-05-30,10
27733,118,2022-05-30,10
27742,285,2022-05-30,10
27745,1191,2022-05-30,10
27748,25,2022-05-30,10
27750,5,2022-05-30,10
27753,168,2022-05-30,10
27764,841,2022-05-30,10
27785,1068,2022-05-30,10
27810,980,2022-05-30,10
27814,2,2022-05-30,10
27819,734,2022-05-30,10
27828,106,2022-05-30,10
27847,75,2022-05-30,10
27871,482,2022-05-30,10
27878,955,2022-05-30,10
27914,1296,2022-05-30,10
27915,108,2022-05-30,10
27918,59,2022-05-30,10
27925,603,2022-05-30,10
27926,1278,2022-05-30,10
27956,1520,2022-05-31,11
27960,35,2022-05-31,11
27976,1233,2022-05-31,11
27980,19,2022-05-31,11
27991,1026,2022-05-31,11
28004,16,2022-05-31,11
28005,529,2022-05-31,11
28013,68,2022-05-31,11
28058,80,2022-05-31,11
28071,111,2022-05-31,11
28073,1471,2022-05-31,11
28079,285,2022-05-31,11
28084,211,2022-05-31,11
28086,12,2022-05-31,11
28094,388,2022-05-31,11
28108,323,2022-05-31,11
28111,11,2022-05-31,11
28131,342,2022-05-31,11
28146,119,2022-05-31,11
28147,491,2022-05-31,11
28156,554,2022-05-31,11
28162,1157,2022-05-31,11
28167,1127,2022-05-31,11
28175,7,2022-05-31,11
28176,676,2022-05-31,11
28177,4,2022-05-31,11
28180,1039,2022-05-31,11
28185,6,2022-05-31,11
28195,121,2022-05-31,11
28215,50,2022-05-31,11
28217,106,2022-05-31,11
28220,206,2022-05-31,11
28231,162,2022-05-31,11
28248,730,2022-05-31,11
28256,69,2022-05-31,11
28260,77,2022-05-31,11
28278,42,2022-05-31,11
28281,5,2022-05-31,11
28287,321,2022-05-31,11
28316,132,2022-05-31,11
28328,57,2022-05-31,11
28347,47,2022-05-31,11
28360,405,2022-05-31,11
28364,425,2022-05-31,11
28369,2,2022-05-31,11
28377,46,2022-05-31,11
28386,981,2022-05-31,11
28401,187,2022-05-31,11
28449,168,2022-05-31,11
28455,555,2022-05-31,11
28462,280,2022-05-31,11
28478,719,2022-05-31,11
28534,696,2022-05-31,11
28544,1175,2022-05-31,11
28549,108,2022-05-31,11
28556,76,2022-05-31,11
28569,878,2022-06-01,11
28572,930,2022-06-01,11
28573,33,2022-06-01,11
28578,529,2022-06-01,11
28580,399,2022-06-01,11
28583,292,2022-06-01,11
28585,11,2022-06-01,11
28594,658,2022-06-01,11
28619,12,2022-06-01,11
28626,34,2022-06-01,11
28640,880,2022-06-01,11
28645,5,2022-06-01,11
28663,40,2022-06-01,11
28671,328,2022-06-01,11
28676,6,2022-06-01,11
28678,1148,2022-06-01,11
28699,314,2022-06-01,11
28723,402,2022-06-01,11
28740,159,2022-06-01,11
28745,342,2022-06-01,11
28755,210,2022-06-01,11
28761,405,2022-06-01,11
28764,316,2022-06-01,11
28773,295,2022-06-01,11
28806,178,2022-06-01,11
28822,50,2022-06-01,11
28826,542,2022-06-01,11
28837,75,2022-06-01,11
28845,1422,2022-06-01,11
28853,162,2022-06-01,11
28860,163,2022-06-01,11
28871,571,2022-06-01,11
28881,1036,2022-06-01,11
28892,187,2022-06-01,11
28904,213,2022-06-01,11
28905,765,2022-06-01,11
28907,108,2022-06-01,11
28911,1382,2022-06-01,11
28926,1381,2022-06-01,11
28932,708,2022-06-01,11
28934,20,2022-06-01,11
28938,68,2022-06-01,11
28942,48,2022-06-01,11
28943,1067,2022-06-01,11
28951,269,2022-06-01,11
28953,56,2022-06-01,11
28957,325,2022-06-01,11
28965,306,2022-06-01,11
28972,65,2022-06-01,11
28974,225,2022-06-01,11
29027,879,2022-06-01,11
29028,132,2022-06-01,11
29042,170,2022-06-01,11
29047,12,2022-06-02,11
29051,325,2022-06-02,11
29057,57,2022-06-02,11
29065,161,2022-06-02,11
29071,15,2022-06-02,11
29082,827,2022-06-02,11
29083,247,2022-06-02,11
29089,103,2022-06-02,11
29095,496,2022-06-02,11
29099,7,2022-06-02,11
29115,801,2022-06-02,11
29118,1054,2022-06-02,11
29131,476,2022-06-02,11
29138,164,2022-06-02,11
29139,351,2022-06-02,11
29146,708,2022-06-02,11
29149,93,2022-06-02,11
29151,614,2022-06-02,11
29162,110,2022-06-02,11
29163,33,2022-06-02,11
29191,231,2022-06-02,11
29198,178,2022-06-02,11
29208,1149,2022-06-02,11
29213,288,2022-06-02,11
29218,285,2022-06-02,11
29222,60,2022-06-02,11
29239,108,2022-06-02,11
29252,313,2022-06-02,11
29274,65,2022-06-02,11
29299,56,2022-06-02,11
29314,158,2022-06-02,11
29323,405,2022-06-02,11
29326,68,2022-06-02,11
29328,75,2022-06-02,11
29349,913,2022-06-02,11
29357,269,2022-06-02,11
29365,471,2022-06-02,11
29377,718,2022-06-02,11
29399,1235,2022-06-02,11
29408,167,2022-06-02,11
29412,794,2022-06-02,11
29421,205,2022-06-02,11
29472,1130,2022-06-02,11
29491,33,2022-06-03,11
29509,399,2022-06-03,11
29516,887,2022-06-03,11
29519,7,2022-06-03,11
29521,758,2022-06-03,11
29524,351,2022-06-03,11
29526,13,2022-06-03,11
29541,15,2022-06-03,11
29559,386,2022-06-03,11
29561,110,2022-06-03,11
29569,34,2022-06-03,11
29578,750,2022-06-03,11
29591,1086,2022-06-03,11
29595,232,2022-06-03,11
29619,93,2022-06-03,11
29620,1075,2022-06-03,11
29621,285,2022-06-03,11
29623,68,2022-06-03,11
29633,6,2022-06-03,11
29638,221,2022-06-03,11
29682,204,2022-06-03,11
29693,119,2022-06-03,11
29697,880,2022-06-03,11
29700,230,2022-06-03,11
29703,20,2022-06-03,11
29710,187,2022-06-03,11
29711,24,2022-06-03,11
29713,109,2022-06-03,11
29719,640,2022-06-03,11
29744,482,2022-06-03,11
29750,514,2022-06-03,11
29755,57,2022-06-03,11
29757,36,2022-06-03,11
29781,1110,2022-06-03,11
29790,108,2022-06-03,11
29804,158,2022-06-03,11
29808,830,2022-06-03,11
29814,463,2022-06-03,11
29826,1005,2022-06-03,11
29841,130,2022-06-03,11
29859,115,2022-06-03,11
29892,420,2022-06-03,11
29902,2,2022-06-03,11
29914,1461,2022-06-03,11
29919,460,2022-06-03,11
29927,1353,2022-06-04,11
29936,6,2022-06-04,11
29940,211,2022-06-04,11
29974,1038,2022-06-04,11
29986,1440,2022-06-05,11
29991,363,2022-06-05,11
29997,119,2022-06-05,11
29999,1008,2022-06-05,11
30005,404,2022-06-05,11
30013,115,2022-06-05,11
30021,813,2022-06-05,11
30022,204,2022-06-05,11
30025,54,2022-06-05,11
30032,830,2022-06-05,11
30044,68,2022-06-05,11
30073,471,2022-06-05,11
30080,57,2022-06-05,11
30083,36,2022-06-05,11
30102,145,2022-06-06,11
30106,525,2022-06-06,11
30127,13,2022-06-06,11
30130,33,2022-06-06,11
30140,962,2022-06-06,11
30144,4,2022-06-06,11
30150,665,2022-06-06,11
30164,1176,2022-06-06,11
30165,24,2022-06-06,11
30176,68,2022-06-06,11
30203,285,2022-06-06,11
30209,227,2022-06-06,11
30220,155,2022-06-06,11
30223,96,2022-06-06,11
30250,52,2022-06-06,11
30259,12,2022-06-06,11
30273,323,2022-06-06,11
30285,402,2022-06-06,11
30301,221,2022-06-06,11
30309,15,2022-06-06,11
30323,166,2022-06-06,11
30331,36,2022-06-06,11
30335,22,2022-06-06,11
30339,184,2022-06-06,11
30368,231,2022-06-06,11
30376,149,2022-06-06,11
30381,154,2022-06-06,11
30383,77,2022-06-06,11
30387,206,2022-06-06,11
30389,65,2022-06-06,11
30394,534,2022-06-06,11
30421,30,2022-06-06,11
30425,230,2022-06-06,11
30437,246,2022-06-06,11
30450,382,2022-06-06,11
30455,102,2022-06-06,11
30458,42,2022-06-06,11
30460,263,2022-06-06,11
30469,41,2022-06-06,11
30474,261,2022-06-06,11
30496,25,2022-06-06,11
30501,215,2022-06-06,11
30503,158,2022-06-06,11
30525,57,2022-06-06,11
30572,149,2022-06-07,12
30584,553,2022-06-07,12
30586,40,2022-06-07,12
30601,1446,2022-06-07,12
30617,7,2022-06-07,12
30618,168,2022-06-07,12
30620,15,2022-06-07,12
30628,119,2022-06-07,12
30630,4,2022-06-07,12
30636,6,2022-06-07,12
30638,1034,2022-06-07,12
30646,110,2022-06-07,12
30647,351,2022-06-07,12
30660,136,2022-06-07,12
30666,508,2022-06-07,12
30674,672,2022-06-07,12
30676,329,2022-06-07,12
30677,1394,2022-06-07,12
30679,227,2022-06-07,12
30683,285,2022-06-07,12
30689,399,2022-06-07,12
30690,402,2022-06-07,12
30693,209,2022-06-07,12
30695,682,2022-06-07,12
30698,164,2022-06-07,12
30699,988,2022-06-07,12
30701,115,2022-06-07,12
30713,380,2022-06-07,12
30719,252,2022-06-07,12
30729,472,2022-06-07,12
30731,184,2022-06-07,12
30761,121,2022-06-07,12
30767,221,2022-06-07,12
30781,315,2022-06-07,12
30784,262,2022-06-07,12
30788,93,2022-06-07,12
30791,323,2022-06-07,12
30792,288,2022-06-07,12
30796,907,2022-06-07,12
30811,108,2022-06-07,12
30825,80,2022-06-07,12
30833,89,2022-06-07,12
30834,998,2022-06-07,12
30835,789,2022-06-07,12
30845,2,2022-06-07,12
30859,118,2022-06-07,12
30863,1515,2022-06-07,12
30872,48,2022-06-07,12
30873,244,2022-06-07,12
30875,282,2022-06-07,12
30877,120,2022-06-07,12
30881,185,2022-06-07,12
30884,390,2022-06-07,12
30892,17,2022-06-07,12
30924,1094,2022-06-07,12
30940,65,2022-06-07,12
30952,1165,2022-06-07,12
30969,13,2022-06-07,12
30977,287,2022-06-07,12
30990,733,2022-06-07,12
31005,42,2022-06-07,12
31023,158,2022-06-07,12
31060,253,2022-06-07,12
31063,830,2022-06-07,12
31068,77,2022-06-07,12
31085,458,2022-06-07,12
31102,301,2022-06-07,12
31117,165,2022-06-07,12
31122,172,2022-06-07,12
31134,303,2022-06-08,12
31164,40,2022-06-08,12
31168,1025,2022-06-08,12
31171,388,2022-06-08,12
31175,1462,2022-06-08,12
31177,1351,2022-06-08,12
31191,11,2022-06-08,12
31210,390,2022-06-08,12
31217,15,2022-06-08,12
31226,1460,2022-06-08,12
31236,7,2022-06-08,12
31237,301,2022-06-08,12
31239,168,2022-06-08,12
31243,553,2022-06-08,12
31245,80,2022-06-08,12
31250,672,2022-06-08,12
31255,429,2022-06-08,12
31261,285,2022-06-08,12
31271,821,2022-06-08,12
31280,61,2022-06-08,12
31294,159,2022-06-08,12
31305,33,2022-06-08,12
31306,98,2022-06-08,12
31309,119,2022-06-08,12
31311,657,2022-06-08,12
31312,121,2022-06-08,12
31326,317,2022-06-08,12
31363,747,2022-06-08,12
31395,85,2022-06-08,12
31406,809,2022-06-08,12
31407,221,2022-06-08,12
31421,397,2022-06-08,12
31423,93,2022-06-08,12
31425,328,2022-06-08,12
31426,382,2022-06-08,12
31433,377,2022-06-08,12
31443,137,2022-06-08,12
31446,46,2022-06-08,12
31466,68,2022-06-08,12
31467,75,2022-06-08,12
31490,425,2022-06-08,12
31511,2,2022-06-08,12
31514,919,2022-06-08,12
31517,13,2022-06-08,12
31537,42,2022-06-08,12
31547,108,2022-06-08,12
31548,57,2022-06-08,12
31550,36,2022-06-08,12
31559,253,2022-06-08,12
31567,655,2022-06-08,12
31575,89,2022-06-08,12
31593,134,2022-06-08,12
31599,206,2022-06-08,12
31617,118,2022-06-08,12
31623,979,2022-06-08,12
31625,172,2022-06-08,12
31630,246,2022-06-08,12
31634,718,2022-06-08,12
31636,63,2022-06-08,12
31642,332,2022-06-08,12
31646,142,2022-06-08,12
31668,184,2022-06-08,12
31679,619,2022-06-08,12
31688,1339,2022-06-08,12
31711,165,2022-06-08,12
31731,158,2022-06-08,12
31764,163,2022-06-08,12
31789,154,2022-06-09,12
31800,12,2022-06-09,12
31802,40,2022-06-09,12
31821,587,2022-06-09,12
31832,33,2022-06-09,12
31840,833,2022-06-09,12
31841,973,2022-06-09,12
31859,108,2022-06-09,12
31867,1377,2022-06-09,12
31869,549,2022-06-09,12
31876,623,2022-06-09,12
31893,534,2022-06-09,12
31894,262,2022-06-09,12
31905,315,2022-06-09,12
31909,785,2022-06-09,12
31911,390,2022-06-09,12
31913,841,2022-06-09,12
31915,69,2022-06-09,12
31961,508,2022-06-09,12
31966,214,2022-06-09,12
31979,1207,2022-06-09,12
31997,192,2022-06-09,12
32002,210,2022-06-09,12
32013,706,2022-06-09,12
32039,377,2022-06-09,12
32040,1319,2022-06-09,12
32065,1330,2022-06-09,12
32070,1159,2022-06-09,12
32074,207,2022-06-09,12
32075,263,2022-06-09,12
32077,323,2022-06-09,12
32084,245,2022-06-09,12
32092,65,2022-06-09,12
32104,68,2022-06-09,12
32113,101,2022-06-09,12
32124,747,2022-06-09,12
32132,648,2022-06-09,12
32143,34,2022-06-09,12
32216,417,2022-06-09,12
32218,2,2022-06-09,12
32222,1155,2022-06-09,12
32226,57,2022-06-09,12
32232,777,2022-06-09,12
32265,206,2022-06-09,12
32312,42,2022-06-09,12
32316,496,2022-06-09,12
32355,718,2022-06-09,12
32371,611,2022-06-09,12
32381,287,2022-06-09,12
32387,163,2022-06-09,12
32417,269,2022-06-09,12
32461,137,2022-06-09,12
32474,623,2022-06-10,12
32475,125,2022-06-10,12
32489,33,2022-06-10,12
32491,978,2022-06-10,12
32493,665,2022-06-10,12
32494,11,2022-06-10,12
32503,204,2022-06-10,12
32510,1310,2022-06-10,12
32511,281,2022-06-10,12
32513,15,2022-06-10,12
32524,227,2022-06-10,12
32530,781,2022-06-10,12
32531,786,2022-06-10,12
32535,108,2022-06-10,12
32538,689,2022-06-10,12
32540,6,2022-06-10,12
32543,1260,2022-06-10,12
32545,40,2022-06-10,12
32550,24,2022-06-10,12
32565,12,2022-06-10,12
32568,98,2022-06-10,12
32577,1289,2022-06-10,12
32581,88,2022-06-10,12
32585,674,2022-06-10,12
32589,5,2022-06-10,12
32594,115,2022-06-10,12
32604,93,2022-06-10,12
32614,172,2022-06-10,12
32638,831,2022-06-10,12
32643,622,2022-06-10,12
32662,372,2022-06-10,12
32667,382,2022-06-10,12
32669,78,2022-06-10,12
32676,1090,2022-06-10,12
32693,46,2022-06-10,12
32698,2,2022-06-10,12
32750,3,2022-06-10,12
32759,134,2022-06-10,12
32789,178,2022-06-10,12
32795,425,2022-06-10,12
32801,30,2022-06-10,12
32812,460,2022-06-10,12
32815,1050,2022-06-10,12
32820,65,2022-06-10,12
32828,179,2022-06-10,12
32831,519,2022-06-10,12
32839,189,2022-06-10,12
32865,420,2022-06-10,12
32869,166,2022-06-10,12
32895,42,2022-06-10,12
32948,883,2022-06-10,12
32956,25,2022-06-10,12
33011,458,2022-06-10,12
33026,57,2022-06-10,12
33040,40,2022-06-11,12
33049,527,2022-06-11,12
33050,285,2022-06-11,12
33062,1451,2022-06-11,12
33063,1485,2022-06-11,12
33065,226,2022-06-11,12
33078,28,2022-06-11,12
33083,184,2022-06-11,12
33087,623,2022-06-11,12
33100,185,2022-06-11,12
33124,89,2022-06-11,12
33146,13,2022-06-12,12
33147,68,2022-06-12,12
33148,7,2022-06-12,12
33189,110,2022-06-12,12
33211,885,2022-06-12,12
33216,51,2022-06-12,12
33231,124,2022-06-12,12
33240,622,2022-06-12,12
33243,204,2022-06-12,12
33251,1453,2022-06-13,12
33261,399,2022-06-13,12
33262,1035,2022-06-13,12
33264,6,2022-06-13,12
33269,229,2022-06-13,12
33272,28,2022-06-13,12
33275,781,2022-06-13,12
33280,1055,2022-06-13,12
33281,1046,2022-06-13,12
33285,68,2022-06-13,12
33286,473,2022-06-13,12
33289,121,2022-06-13,12
33294,61,2022-06-13,12
33307,98,2022-06-13,12
33422,115,2022-06-13,12
33433,192,2022-06-13,12
33450,318,2022-06-13,12
33464,54,2022-06-13,12
33466,80,2022-06-13,12
33480,314,2022-06-13,12
33482,36,2022-06-13,12
33485,12,2022-06-13,12
33498,425,2022-06-13,12
33521,974,2022-06-13,12
33523,110,2022-06-13,12
33526,1118,2022-06-13,12
33539,1076,2022-06-13,12
33559,2,2022-06-13,12
33572,79,2022-06-13,12
33591,788,2022-06-13,12
33592,188,2022-06-13,12
33603,25,2022-06-13,12
33610,1123,2022-06-13,12
33615,841,2022-06-13,12
33624,234,2022-06-13,12
33629,13,2022-06-13,12
33631,414,2022-06-13,12
33641,33,2022-06-13,12
33643,333,2022-06-13,12
33646,215,2022-06-13,12
33648,187,2022-06-13,12
33651,147,2022-06-13,12
33665,158,2022-06-13,12
33680,56,2022-06-13,12
33681,288,2022-06-13,12
33688,659,2022-06-13,12
33700,134,2022-06-13,12
33701,207,2022-06-13,12
33702,405,2022-06-13,12
33713,59,2022-06-13,12
33720,259,2022-06-13,12
33739,42,2022-06-13,12
33743,332,2022-06-13,12
33751,163,2022-06-13,12
33780,447,2022-06-13,12
33784,935,2022-06-13,12
33816,436,2022-06-13,12
33817,246,2022-06-13,12
33831,108,2022-06-13,12
33837,1114,2022-06-13,12
33843,550,2022-06-13,12
33906,77,2022-06-13,12
33915,124,2022-06-13,12
33953,882,2022-06-13,12
33960,549,2022-06-14,13
33961,108,2022-06-14,13
33968,737,2022-06-14,13
33970,1001,2022-06-14,13
33972,417,2022-06-14,13
33973,1271,2022-06-14,13
33985,251,2022-06-14,13
33994,399,2022-06-14,13
33997,125,2022-06-14,13
34002,380,2022-06-14,13
34003,110,2022-06-14,13
34008,61,2022-06-14,13
34011,24,2022-06-14,13
34031,121,2022-06-14,13
34035,184,2022-06-14,13
34065,15,2022-06-14,13
34066,33,2022-06-14,13
34080,6,2022-06-14,13
34083,57,2022-06-14,13
34088,342,2022-06-14,13
34094,1190,2022-06-14,13
34146,207,2022-06-14,13
34150,2,2022-06-14,13
34151,226,2022-06-14,13
34152,198,2022-06-14,13
34165,230,2022-06-14,13
34169,68,2022-06-14,13
34173,59,2022-06-14,13
34178,48,2022-06-14,13
34186,346,2022-06-14,13
34195,65,2022-06-14,13
34214,185,2022-06-14,13
34237,83,2022-06-14,13
34258,1144,2022-06-14,13
34263,910,2022-06-14,13
34266,287,2022-06-14,13
34287,309,2022-06-14,13
34292,316,2022-06-14,13
34304,42,2022-06-14,13
34306,115,2022-06-14,13
34333,77,2022-06-14,13
34362,89,2022-06-14,13
34392,75,2022-06-14,13
34409,458,2022-06-14,13
34410,109,2022-06-14,13
34441,878,2022-06-14,13
34455,178,2022-06-14,13
34456,1220,2022-06-14,13
34470,158,2022-06-14,13
34481,797,2022-06-14,13
34491,105,2022-06-14,13
34492,356,2022-06-14,13
34543,332,2022-06-15,13
34550,287,2022-06-15,13
34566,399,2022-06-15,13
34570,904,2022-06-15,13
34582,665,2022-06-15,13
34589,119,2022-06-15,13
34595,12,2022-06-15,13
34597,158,2022-06-15,13
34602,586,2022-06-15,13
34609,300,2022-06-15,13
34614,6,2022-06-15,13
34616,148,2022-06-15,13
34627,284,2022-06-15,13
34631,921,2022-06-15,13
34635,1001,2022-06-15,13
34639,28,2022-06-15,13
34657,259,2022-06-15,13
34661,386,2022-06-15,13
34664,121,2022-06-15,13
34672,125,2022-06-15,13
34681,1277,2022-06-15,13
34685,168,2022-06-15,13
34687,971,2022-06-15,13
34690,841,2022-06-15,13
34696,126,2022-06-15,13
34701,1419,2022-06-15,13
34731,257,2022-06-15,13
34734,131,2022-06-15,13
34738,108,2022-06-15,13
34748,1056,2022-06-15,13
34755,920,2022-06-15,13
34767,285,2022-06-15,13
34802,69,2022-06-15,13
34803,57,2022-06-15,13
34817,137,2022-06-15,13
34828,288,2022-06-15,13
34848,361,2022-06-15,13
34870,188,2022-06-15,13
34891,118,2022-06-15,13
34902,425,2022-06-15,13
34910,540,2022-06-15,13
34959,207,2022-06-15,13
34976,134,2022-06-15,13
35001,246,2022-06-15,13
35091,711,2022-06-15,13
35108,369,2022-06-16,13
35113,1328,2022-06-16,13
35116,820,2022-06-16,13
35123,672,2022-06-16,13
35124,1228,2022-06-16,13
35133,969,2022-06-16,13
35136,1511,2022-06-16,13
35139,737,2022-06-16,13
35143,1249,2022-06-16,13
35147,795,2022-06-16,13
35177,24,2022-06-16,13
35178,1432,2022-06-16,13
35181,15,2022-06-16,13
35185,1480,2022-06-16,13
35187,1504,2022-06-16,13
35189,650,2022-06-16,13
35194,822,2022-06-16,13
35196,228,2022-06-16,13
35221,12,2022-06-16,13
35224,98,2022-06-16,13
35231,594,2022-06-16,13
35237,68,2022-06-16,13
35254,423,2022-06-16,13
35255,407,2022-06-16,13
35262,352,2022-06-16,13
35266,844,2022-06-16,13
35281,290,2022-06-16,13
35285,1099,2022-06-16,13
35295,284,2022-06-16,13
35325,490,2022-06-16,13
35344,65,2022-06-16,13
35348,253,2022-06-16,13
35361,115,2022-06-16,13
35362,142,2022-06-16,13
35363,435,2022-06-16,13
35378,576,2022-06-16,13
35400,57,2022-06-16,13
35411,998,2022-06-16,13
35417,1057,2022-06-16,13
35438,540,2022-06-16,13
35463,163,2022-06-16,13
35484,223,2022-06-16,13
35488,964,2022-06-16,13
35497,565,2022-06-16,13
35501,13,2022-06-16,13
35509,622,2022-06-16,13
35533,56,2022-06-16,13
35545,594,2022-06-17,13
35546,134,2022-06-17,13
35556,398,2022-06-17,13
35561,517,2022-06-17,13
35569,61,2022-06-17,13
35570,614,2022-06-17,13
35584,587,2022-06-17,13
35588,110,2022-06-17,13
35620,24,2022-06-17,13
35622,6,2022-06-17,13
35633,168,2022-06-17,13
35644,449,2022-06-17,13
35660,209,2022-06-17,13
35667,45,2022-06-17,13
35669,198,2022-06-17,13
35672,399,2022-06-17,13
35675,271,2022-06-17,13
35681,816,2022-06-17,13
35689,192,2022-06-17,13
35692,697,2022-06-17,13
35694,363,2022-06-17,13
35729,79,2022-06-17,13
35739,724,2022-06-17,13
35741,1215,2022-06-17,13
35744,101,2022-06-17,13
35749,42,2022-06-17,13
35764,446,2022-06-17,13
35767,288,2022-06-17,13
35783,93,2022-06-17,13
35790,312,2022-06-17,13
35803,163,2022-06-17,13
35820,115,2022-06-17,13
35858,182,2022-06-17,13
35868,435,2022-06-17,13
35872,1408,2022-06-17,13
35875,897,2022-06-17,13
35892,1015,2022-06-17,13
35907,719,2022-06-17,13
35912,720,2022-06-17,13
35914,2,2022-06-17,13
35930,145,2022-06-17,13
35931,20,2022-06-17,13
35932,13,2022-06-17,13
35936,946,2022-06-17,13
35956,59,2022-06-17,13
35957,877,2022-06-17,13
35982,309,2022-06-17,13
36006,41,2022-06-17,13
36053,291,2022-06-17,13
36066,1305,2022-06-18,13
36078,363,2022-06-18,13
36082,15,2022-06-18,13
36083,227,2022-06-18,13
36087,686,2022-06-18,13
36090,1423,2022-06-18,13
36091,793,2022-06-18,13
36109,168,2022-06-18,13
36115,59,2022-06-18,13
36148,7,2022-06-19,13
36151,707,2022-06-19,13
36155,71,2022-06-19,13
36160,6,2022-06-19,13
36162,1501,2022-06-19,13
36163,1119,2022-06-19,13
36167,923,2022-06-19,13
36168,285,2022-06-19,13
36170,406,2022-06-19,13
36176,304,2022-06-20,13
36179,48,2022-06-20,13
36183,398,2022-06-20,13
36195,720,2022-06-20,13
36215,517,2022-06-20,13
36229,1424,2022-06-20,13
36235,1014,2022-06-20,13
36237,1474,2022-06-20,13
36242,1455,2022-06-20,13
36243,22,2022-06-20,13
36245,369,2022-06-20,13
36262,172,2022-06-20,13
36264,51,2022-06-20,13
36274,257,2022-06-20,13
36286,24,2022-06-20,13
36304,335,2022-06-20,13
36307,778,2022-06-20,13
36312,604,2022-06-20,13
36315,724,2022-06-20,13
36319,402,2022-06-20,13
36345,771,2022-06-20,13
36350,6,2022-06-20,13
36356,703,2022-06-20,13
36366,406,2022-06-20,13
36380,962,2022-06-20,13
36387,110,2022-06-20,13
36388,923,2022-06-20,13
36390,1031,2022-06-20,13
36407,576,2022-06-20,13
36416,44,2022-06-20,13
36422,240,2022-06-20,13
36433,80,2022-06-20,13
36438,108,2022-06-20,13
36440,221,2022-06-20,13
36441,34,2022-06-20,13
36452,42,2022-06-20,13
36454,149,2022-06-20,13
36457,25,2022-06-20,13
36458,232,2022-06-20,13
36464,333,2022-06-20,13
36478,115,2022-06-20,13
36491,2,2022-06-20,13
36496,1139,2022-06-20,13
36517,587,2022-06-20,13
36528,207,2022-06-20,13
36553,382,2022-06-20,13
36585,223,2022-06-20,13
36590,436,2022-06-20,13
36597,744,2022-06-20,13
36600,165,2022-06-20,13
36612,536,2022-06-21,14
36615,168,2022-06-21,14
36623,201,2022-06-21,14
36631,33,2022-06-21,14
36634,257,2022-06-21,14
36635,125,2022-06-21,14
36642,12,2022-06-21,14
36648,1171,2022-06-21,14
36651,517,2022-06-21,14
36654,587,2022-06-21,14
36666,351,2022-06-21,14
36672,228,2022-06-21,14
36673,642,2022-06-21,14
36675,301,2022-06-21,14
36677,703,2022-06-21,14
36703,110,2022-06-21,14
36707,745,2022-06-21,14
36711,1183,2022-06-21,14
36764,663,2022-06-21,14
36768,312,2022-06-21,14
36772,79,2022-06-21,14
36795,227,2022-06-21,14
36806,112,2022-06-21,14
36809,119,2022-06-21,14
36817,6,2022-06-21,14
36832,2,2022-06-21,14
36838,707,2022-06-21,14
36841,45,2022-06-21,14
36852,1105,2022-06-21,14
36854,405,2022-06-21,14
36862,1124,2022-06-21,14
36876,142,2022-06-21,14
36888,108,2022-06-21,14
36894,731,2022-06-21,14
36902,85,2022-06-21,14
36923,711,2022-06-21,14
36924,56,2022-06-21,14
36935,106,2022-06-21,14
36939,1107,2022-06-21,14
36950,22,2022-06-21,14
36955,20,2022-06-21,14
37032,68,2022-06-21,14
37064,1197,2022-06-21,14
37076,51,2022-06-21,14
37119,889,2022-06-21,14
37138,713,2022-06-21,14
37152,48,2022-06-21,14
37160,158,2022-06-21,14
